t,m,l,a1,a2,a3,b1,b2,b3,emb_m,emb_l,aa,bb,p_phys,p_mask,no_test,no_success,p_log
10,5,18,1,1,4,0,14,13,5,18,2,2,0.005,0.2777777777777778,10001,9760,0.9759024097590241
10,5,18,1,1,4,0,14,13,5,18,2,3,0.005,0.2777777777777778,10001,9754,0.9753024697530247
10,5,18,1,1,4,0,14,13,5,18,3,2,0.005,0.2777777777777778,10001,9722,0.9721027897210279
10,5,18,1,1,4,0,14,13,5,18,3,3,0.005,0.2777777777777778,10001,9735,0.9734026597340266
10,5,18,1,1,4,0,17,4,5,18,2,0,0.005,0.2777777777777778,10001,9735,0.9734026597340266
10,5,18,1,1,4,0,17,4,5,18,2,1,0.005,0.2777777777777778,10001,9737,0.9736026397360263
10,5,18,1,1,4,0,17,4,5,18,3,0,0.005,0.2777777777777778,10001,9748,0.9747025297470253
10,5,18,1,1,4,0,17,4,5,18,3,1,0.005,0.2777777777777778,10001,9737,0.9736026397360263
10,5,18,1,2,3,0,1,2,5,18,2,0,0.005,0.1111111111111111,10001,9484,0.9483051694830517
10,5,18,1,2,3,0,1,2,5,18,2,1,0.005,0.1111111111111111,10001,9473,0.9472052794720528
10,5,18,1,2,3,0,1,2,5,18,2,3,0.005,0.1111111111111111,10001,9480,0.9479052094790521
10,5,18,1,2,3,0,1,2,5,18,3,0,0.005,0.1111111111111111,10001,9510,0.950904909509049
10,5,18,1,2,3,0,1,2,5,18,3,1,0.005,0.1111111111111111,10001,9497,0.9496050394960504
10,5,18,1,2,3,0,1,2,5,18,3,3,0.005,0.1111111111111111,10001,9509,0.9508049195080492
10,5,18,1,2,3,0,11,4,5,18,2,0,0.005,0.3333333333333333,10001,9678,0.9677032296770323
10,5,18,1,2,3,0,11,4,5,18,2,1,0.005,0.2777777777777778,10001,9762,0.9761023897610239
10,5,18,1,2,3,0,11,4,5,18,2,3,0.005,0.3333333333333333,10001,9684,0.9683031696830317
10,5,18,1,2,3,0,11,4,5,18,3,0,0.005,0.3333333333333333,10001,9656,0.9655034496550345
10,5,18,1,2,3,0,11,4,5,18,3,1,0.005,0.2777777777777778,10001,9753,0.9752024797520248
10,5,18,1,2,3,0,11,4,5,18,3,3,0.005,0.3333333333333333,10001,9692,0.9691030896910309
10,5,18,1,2,3,0,16,17,5,18,2,4,0.005,0.1111111111111111,10001,9514,0.9513048695130487
10,5,18,1,2,3,0,16,17,5,18,3,3,0.005,0.1111111111111111,10001,9504,0.9503049695030497
10,5,18,1,2,3,0,16,17,5,18,3,4,0.005,0.1111111111111111,10001,9491,0.949005099490051
10,5,18,1,2,3,0,4,17,5,18,2,4,0.005,0.2777777777777778,10001,9746,0.9745025497450255
10,5,18,1,2,3,0,4,17,5,18,2,5,0.005,0.2777777777777778,10001,9748,0.9747025297470253
10,5,18,1,2,3,0,4,17,5,18,3,4,0.005,0.2777777777777778,10001,9759,0.9758024197580242
10,5,18,1,2,3,0,4,17,5,18,3,5,0.005,0.2777777777777778,10001,9773,0.9772022797720228
10,5,18,1,2,3,0,7,11,5,18,2,0,0.005,0.2777777777777778,10001,9726,0.9725027497250275
10,5,18,1,2,3,0,7,11,5,18,2,1,0.005,0.3333333333333333,10001,9680,0.9679032096790321
10,5,18,1,2,3,0,7,11,5,18,2,5,0.005,0.3333333333333333,10001,9678,0.9677032296770323
10,5,18,1,2,3,0,7,11,5,18,3,0,0.005,0.2777777777777778,10001,9759,0.9758024197580242
10,5,18,1,2,3,0,7,11,5,18,3,1,0.005,0.3333333333333333,10001,9676,0.9675032496750325
10,5,18,1,2,3,0,7,11,5,18,3,5,0.005,0.3333333333333333,10001,9643,0.9642035796420358
10,5,18,1,2,3,0,7,8,5,18,2,0,0.005,0.2777777777777778,10001,9604,0.9603039696030397
10,5,18,1,2,3,0,7,8,5,18,2,1,0.005,0.3333333333333333,10001,9558,0.9557044295570443
10,5,18,1,2,3,0,7,8,5,18,3,0,0.005,0.2777777777777778,10001,9590,0.958904109589041
10,5,18,1,2,3,0,7,8,5,18,3,1,0.005,0.3333333333333333,10001,9508,0.9507049295070493
10,5,18,1,3,2,0,14,1,5,18,2,4,0.005,0.3333333333333333,10001,9548,0.9547045295470453
10,5,18,1,3,2,0,14,1,5,18,2,5,0.005,0.2777777777777778,10001,9739,0.9738026197380262
10,5,18,1,3,2,0,14,1,5,18,3,4,0.005,0.3333333333333333,10001,9556,0.9555044495550445
10,5,18,1,3,2,0,14,1,5,18,3,5,0.005,0.2777777777777778,10001,9743,0.9742025797420258
10,5,18,1,3,2,0,4,5,5,18,2,2,0.005,0.3333333333333333,10001,9530,0.952904709529047
10,5,18,1,3,2,0,4,5,5,18,2,3,0.005,0.2777777777777778,10001,9761,0.976002399760024
10,5,18,1,3,2,0,4,5,5,18,3,2,0.005,0.3333333333333333,10001,9560,0.9559044095590441
10,5,18,1,3,2,0,4,5,5,18,3,3,0.005,0.2777777777777778,10001,9753,0.9752024797520248
10,5,18,1,3,2,0,7,11,5,18,2,0,0.005,0.2777777777777778,10001,9748,0.9747025297470253
10,5,18,1,3,2,0,7,11,5,18,2,1,0.005,0.3333333333333333,10001,9670,0.9669033096690332
10,5,18,1,3,2,0,7,11,5,18,2,5,0.005,0.3333333333333333,10001,9655,0.9654034596540346
10,5,18,1,3,2,0,7,11,5,18,3,0,0.005,0.2777777777777778,10001,9729,0.9728027197280272
10,5,18,1,3,2,0,7,11,5,18,3,1,0.005,0.3333333333333333,10001,9678,0.9677032296770323
10,5,18,1,3,2,0,7,11,5,18,3,5,0.005,0.3333333333333333,10001,9650,0.9649035096490352
10,5,18,1,4,1,0,17,1,5,18,2,1,0.005,0.1111111111111111,10001,9488,0.9487051294870513
10,5,18,1,4,1,0,17,1,5,18,2,5,0.005,0.1111111111111111,10001,9521,0.952004799520048
10,5,18,1,4,1,0,17,1,5,18,3,1,0.005,0.1111111111111111,10001,9539,0.9538046195380462
10,5,18,1,4,1,0,4,17,5,18,2,4,0.005,0.2777777777777778,10001,9737,0.9736026397360263
10,5,18,1,4,1,0,4,17,5,18,2,5,0.005,0.2777777777777778,10001,9726,0.9725027497250275
10,5,18,1,4,1,0,4,17,5,18,3,4,0.005,0.2777777777777778,10001,9742,0.9741025897410259
10,5,18,1,4,1,0,4,17,5,18,3,5,0.005,0.2777777777777778,10001,9736,0.9735026497350265
10,5,18,1,4,1,0,4,5,5,18,2,2,0.005,0.3333333333333333,10001,9548,0.9547045295470453
10,5,18,1,4,1,0,4,5,5,18,2,3,0.005,0.2777777777777778,10001,9748,0.9747025297470253
10,5,18,1,4,1,0,4,5,5,18,3,3,0.005,0.2777777777777778,10001,9730,0.9729027097290271
10,5,18,1,4,1,0,7,14,5,18,2,0,0.005,0.3333333333333333,10001,9671,0.967003299670033
10,5,18,1,4,1,0,7,14,5,18,2,2,0.005,0.2777777777777778,10001,9736,0.9735026497350265
10,5,18,1,4,1,0,7,14,5,18,2,3,0.005,0.3333333333333333,10001,9674,0.9673032696730327
10,5,18,1,4,1,0,7,14,5,18,3,0,0.005,0.3333333333333333,10001,9666,0.9665033496650335
10,5,18,1,4,1,0,7,14,5,18,3,2,0.005,0.2777777777777778,10001,9735,0.9734026597340266
10,5,18,1,4,1,0,7,14,5,18,3,3,0.005,0.3333333333333333,10001,9663,0.9662033796620338
10,5,18,10,1,4,0,11,13,5,18,2,4,0.005,0.3333333333333333,10001,9731,0.973002699730027
10,5,18,10,1,4,0,11,13,5,18,2,5,0.005,0.3888888888888889,10001,9518,0.9517048295170483
10,5,18,10,1,4,0,11,13,5,18,3,4,0.005,0.3333333333333333,10001,9691,0.969003099690031
10,5,18,10,1,4,0,7,11,5,18,2,0,0.005,0.3333333333333333,10001,9471,0.947005299470053
10,5,18,10,1,4,0,7,11,5,18,2,1,0.005,0.2777777777777778,10001,9723,0.9722027797220278
10,5,18,10,1,4,0,7,11,5,18,2,4,0.005,0.2222222222222222,10001,9762,0.9761023897610239
10,5,18,10,1,4,0,7,11,5,18,2,5,0.005,0.2777777777777778,10001,9704,0.9703029697030296
10,5,18,10,1,4,0,7,11,5,18,3,1,0.005,0.2777777777777778,10001,9722,0.9721027897210279
10,5,18,10,1,4,0,7,11,5,18,3,4,0.005,0.2222222222222222,10001,9789,0.9788021197880212
10,5,18,10,1,4,0,7,11,5,18,3,5,0.005,0.2777777777777778,10001,9721,0.972002799720028
10,5,18,10,1,4,0,7,14,5,18,2,0,0.005,0.2777777777777778,10001,9682,0.9681031896810319
10,5,18,10,1,4,0,7,14,5,18,2,1,0.005,0.2222222222222222,10001,9786,0.9785021497850215
10,5,18,10,1,4,0,7,14,5,18,2,3,0.005,0.2777777777777778,10001,9730,0.9729027097290271
10,5,18,10,1,4,0,7,14,5,18,3,0,0.005,0.2777777777777778,10001,9690,0.9689031096890312
10,5,18,10,1,4,0,7,14,5,18,3,1,0.005,0.2222222222222222,10001,9790,0.9789021097890211
10,5,18,10,1,4,0,7,14,5,18,3,3,0.005,0.2777777777777778,10001,9733,0.9732026797320268
10,5,18,10,2,3,0,11,13,5,18,2,4,0.005,0.3333333333333333,10001,9694,0.9693030696930307
10,5,18,10,2,3,0,11,13,5,18,2,5,0.005,0.3888888888888889,10001,9502,0.9501049895010499
10,5,18,10,2,3,0,11,13,5,18,3,4,0.005,0.3333333333333333,10001,9704,0.9703029697030296
10,5,18,10,2,3,0,5,16,5,18,2,0,0.005,0.3888888888888889,10001,9510,0.950904909509049
10,5,18,10,2,3,0,5,16,5,18,2,1,0.005,0.3333333333333333,10001,9707,0.9706029397060294
10,5,18,10,2,3,0,5,16,5,18,3,1,0.005,0.3333333333333333,10001,9716,0.9715028497150285
10,5,18,10,2,3,0,8,1,5,18,2,2,0.005,0.2777777777777778,10001,9590,0.958904109589041
10,5,18,10,2,3,0,8,1,5,18,2,3,0.005,0.2777777777777778,10001,9602,0.9601039896010399
10,5,18,10,2,3,0,8,1,5,18,3,2,0.005,0.2777777777777778,10001,9652,0.9651034896510349
10,5,18,10,2,3,0,8,1,5,18,3,3,0.005,0.2777777777777778,10001,9613,0.9612038796120388
10,5,18,10,3,2,0,13,11,5,18,2,0,0.005,0.3333333333333333,10001,9712,0.9711028897110289
10,5,18,10,3,2,0,13,11,5,18,2,1,0.005,0.3888888888888889,10001,9506,0.9505049495050495
10,5,18,10,3,2,0,13,11,5,18,3,0,0.005,0.3333333333333333,10001,9693,0.9692030796920308
10,5,18,10,3,2,0,13,11,5,18,3,1,0.005,0.3888888888888889,10001,9496,0.9495050494950505
10,5,18,10,3,2,0,7,14,5,18,2,0,0.005,0.2777777777777778,10001,9722,0.9721027897210279
10,5,18,10,3,2,0,7,14,5,18,2,1,0.005,0.2222222222222222,10001,9782,0.9781021897810219
10,5,18,10,3,2,0,7,14,5,18,2,2,0.005,0.3333333333333333,10001,9504,0.9503049695030497
10,5,18,10,3,2,0,7,14,5,18,2,3,0.005,0.2777777777777778,10001,9730,0.9729027097290271
10,5,18,10,3,2,0,7,14,5,18,3,0,0.005,0.2777777777777778,10001,9695,0.9694030596940306
10,5,18,10,3,2,0,7,14,5,18,3,1,0.005,0.2222222222222222,10001,9811,0.981001899810019
10,5,18,10,3,2,0,7,14,5,18,3,3,0.005,0.2777777777777778,10001,9741,0.974002599740026
10,5,18,10,3,2,0,7,2,5,18,2,2,0.005,0.3333333333333333,10001,9696,0.9695030496950305
10,5,18,10,3,2,0,7,2,5,18,2,3,0.005,0.3888888888888889,10001,9482,0.9481051894810519
10,5,18,10,3,2,0,7,2,5,18,3,2,0.005,0.3333333333333333,10001,9723,0.9722027797220278
10,5,18,10,4,1,0,11,4,5,18,2,0,0.005,0.2777777777777778,10001,9719,0.9718028197180282
10,5,18,10,4,1,0,11,4,5,18,2,2,0.005,0.2222222222222222,10001,9799,0.9798020197980202
10,5,18,10,4,1,0,11,4,5,18,2,3,0.005,0.2777777777777778,10001,9714,0.9713028697130287
10,5,18,10,4,1,0,11,4,5,18,3,0,0.005,0.2777777777777778,10001,9743,0.9742025797420258
10,5,18,10,4,1,0,11,4,5,18,3,2,0.005,0.2222222222222222,10001,9792,0.9791020897910209
10,5,18,10,4,1,0,11,4,5,18,3,3,0.005,0.2777777777777778,10001,9705,0.9704029597040296
10,5,18,10,4,1,0,5,10,5,18,2,0,0.005,0.16666666666666666,10001,9728,0.9727027297270273
10,5,18,10,4,1,0,5,10,5,18,2,1,0.005,0.1111111111111111,10001,9761,0.976002399760024
10,5,18,10,4,1,0,5,10,5,18,2,3,0.005,0.16666666666666666,10001,9699,0.9698030196980302
10,5,18,10,4,1,0,5,10,5,18,3,0,0.005,0.16666666666666666,10001,9683,0.9682031796820318
10,5,18,10,4,1,0,5,10,5,18,3,1,0.005,0.1111111111111111,10001,9739,0.9738026197380262
10,5,18,10,4,1,0,5,10,5,18,3,3,0.005,0.16666666666666666,10001,9696,0.9695030496950305
10,5,18,10,4,1,0,7,14,5,18,2,0,0.005,0.2777777777777778,10001,9723,0.9722027797220278
10,5,18,10,4,1,0,7,14,5,18,2,1,0.005,0.2222222222222222,10001,9779,0.9778022197780222
10,5,18,10,4,1,0,7,14,5,18,2,3,0.005,0.2777777777777778,10001,9744,0.9743025697430256
10,5,18,10,4,1,0,7,14,5,18,3,0,0.005,0.2777777777777778,10001,9695,0.9694030596940306
10,5,18,10,4,1,0,7,14,5,18,3,1,0.005,0.2222222222222222,10001,9788,0.9787021297870213
10,5,18,10,4,1,0,7,14,5,18,3,3,0.005,0.2777777777777778,10001,9741,0.974002599740026
10,5,18,11,1,4,0,17,1,5,18,2,4,0.005,0.3888888888888889,10001,9629,0.9628037196280372
10,5,18,11,1,4,0,17,1,5,18,3,4,0.005,0.3888888888888889,10001,9646,0.9645035496450355
10,5,18,11,1,4,0,17,1,5,18,3,5,0.005,0.4444444444444444,10001,9532,0.9531046895310469
10,5,18,11,1,4,0,2,7,5,18,2,2,0.005,0.2777777777777778,10001,9611,0.961003899610039
10,5,18,11,1,4,0,2,7,5,18,2,3,0.005,0.3333333333333333,10001,9525,0.9524047595240476
10,5,18,11,1,4,0,2,7,5,18,3,2,0.005,0.2777777777777778,10001,9609,0.9608039196080392
10,5,18,11,1,4,0,2,7,5,18,3,3,0.005,0.3333333333333333,10001,9519,0.9518048195180482
10,5,18,11,1,4,0,4,11,5,18,2,2,0.005,0.1111111111111111,10001,9528,0.9527047295270473
10,5,18,11,1,4,0,4,11,5,18,3,4,0.005,0.1111111111111111,10001,9497,0.9496050394960504
10,5,18,11,1,4,0,4,11,5,18,3,5,0.005,0.1111111111111111,10001,9497,0.9496050394960504
10,5,18,11,2,3,0,13,5,5,18,2,1,0.005,0.3333333333333333,10001,9658,0.9657034296570343
10,5,18,11,2,3,0,13,5,5,18,2,4,0.005,0.2777777777777778,10001,9740,0.9739026097390261
10,5,18,11,2,3,0,13,5,5,18,2,5,0.005,0.3333333333333333,10001,9669,0.9668033196680332
10,5,18,11,2,3,0,13,5,5,18,3,1,0.005,0.3333333333333333,10001,9681,0.968003199680032
10,5,18,11,2,3,0,13,5,5,18,3,4,0.005,0.2777777777777778,10001,9749,0.9748025197480252
10,5,18,11,2,3,0,13,5,5,18,3,5,0.005,0.3333333333333333,10001,9684,0.9683031696830317
10,5,18,11,2,3,0,7,8,5,18,2,0,0.005,0.2777777777777778,10001,9732,0.9731026897310269
10,5,18,11,2,3,0,7,8,5,18,2,1,0.005,0.2777777777777778,10001,9724,0.9723027697230276
10,5,18,11,2,3,0,7,8,5,18,3,0,0.005,0.2777777777777778,10001,9747,0.9746025397460254
10,5,18,11,2,3,0,7,8,5,18,3,1,0.005,0.2777777777777778,10001,9756,0.9755024497550245
10,5,18,11,3,2,0,11,10,5,18,2,0,0.005,0.3333333333333333,10001,9550,0.954904509549045
10,5,18,11,3,2,0,11,10,5,18,2,1,0.005,0.2777777777777778,10001,9773,0.9772022797720228
10,5,18,11,3,2,0,11,10,5,18,3,0,0.005,0.3333333333333333,10001,9540,0.9539046095390461
10,5,18,11,3,2,0,11,10,5,18,3,1,0.005,0.2777777777777778,10001,9736,0.9735026497350265
10,5,18,11,4,1,0,1,8,5,18,2,2,0.005,0.2777777777777778,10001,9722,0.9721027897210279
10,5,18,11,4,1,0,1,8,5,18,2,3,0.005,0.3333333333333333,10001,9555,0.9554044595540446
10,5,18,11,4,1,0,1,8,5,18,3,2,0.005,0.2777777777777778,10001,9734,0.9733026697330267
10,5,18,11,4,1,0,1,8,5,18,3,3,0.005,0.3333333333333333,10001,9537,0.9536046395360464
10,5,18,11,4,1,0,13,8,5,18,2,0,0.005,0.3333333333333333,10001,9648,0.9647035296470353
10,5,18,11,4,1,0,13,8,5,18,2,1,0.005,0.2777777777777778,10001,9767,0.9766023397660234
10,5,18,11,4,1,0,13,8,5,18,2,3,0.005,0.3333333333333333,10001,9668,0.9667033296670333
10,5,18,11,4,1,0,13,8,5,18,3,0,0.005,0.3333333333333333,10001,9644,0.9643035696430357
10,5,18,11,4,1,0,13,8,5,18,3,1,0.005,0.2777777777777778,10001,9765,0.9764023597640236
10,5,18,11,4,1,0,13,8,5,18,3,3,0.005,0.3333333333333333,10001,9668,0.9667033296670333
10,5,18,11,4,1,0,16,5,5,18,2,4,0.005,0.2777777777777778,10001,9617,0.9616038396160383
10,5,18,11,4,1,0,16,5,5,18,3,4,0.005,0.2777777777777778,10001,9632,0.9631036896310369
10,5,18,11,4,1,0,16,5,5,18,3,5,0.005,0.3333333333333333,10001,9504,0.9503049695030497
10,5,18,11,4,1,0,8,7,5,18,2,4,0.005,0.2777777777777778,10001,9725,0.9724027597240276
10,5,18,11,4,1,0,8,7,5,18,2,5,0.005,0.2777777777777778,10001,9748,0.9747025297470253
10,5,18,11,4,1,0,8,7,5,18,3,4,0.005,0.2777777777777778,10001,9755,0.9754024597540246
10,5,18,11,4,1,0,8,7,5,18,3,5,0.005,0.2777777777777778,10001,9758,0.9757024297570243
10,5,18,13,1,4,0,10,5,5,18,2,2,0.005,0.1111111111111111,10001,9526,0.9525047495250475
10,5,18,13,1,4,0,10,5,5,18,2,3,0.005,0.1111111111111111,10001,9451,0.945005499450055
10,5,18,13,1,4,0,10,5,5,18,2,4,0.005,0.1111111111111111,10001,9446,0.9445055494450555
10,5,18,13,1,4,0,10,5,5,18,3,2,0.005,0.1111111111111111,10001,9513,0.9512048795120488
10,5,18,13,1,4,0,10,5,5,18,3,3,0.005,0.1111111111111111,10001,9510,0.950904909509049
10,5,18,13,1,4,0,10,5,5,18,3,4,0.005,0.1111111111111111,10001,9485,0.9484051594840516
10,5,18,13,1,4,0,11,10,5,18,2,0,0.005,0.3888888888888889,10001,9456,0.9455054494550545
10,5,18,13,1,4,0,17,16,5,18,2,0,0.005,0.3333333333333333,10001,9692,0.9691030896910309
10,5,18,13,1,4,0,17,16,5,18,2,1,0.005,0.2777777777777778,10001,9736,0.9735026497350265
10,5,18,13,1,4,0,17,16,5,18,2,3,0.005,0.3333333333333333,10001,9693,0.9692030796920308
10,5,18,13,1,4,0,17,16,5,18,3,0,0.005,0.3333333333333333,10001,9686,0.9685031496850315
10,5,18,13,1,4,0,17,16,5,18,3,1,0.005,0.2777777777777778,10001,9765,0.9764023597640236
10,5,18,13,1,4,0,17,16,5,18,3,2,0.005,0.3888888888888889,10001,9470,0.946905309469053
10,5,18,13,1,4,0,17,16,5,18,3,3,0.005,0.3333333333333333,10001,9662,0.9661033896610339
10,5,18,13,1,4,0,2,13,5,18,2,4,0.005,0.3333333333333333,10001,9528,0.9527047295270473
10,5,18,13,1,4,0,2,13,5,18,2,5,0.005,0.2777777777777778,10001,9763,0.9762023797620238
10,5,18,13,1,4,0,2,13,5,18,3,4,0.005,0.3333333333333333,10001,9536,0.9535046495350465
10,5,18,13,1,4,0,2,13,5,18,3,5,0.005,0.2777777777777778,10001,9748,0.9747025297470253
10,5,18,13,1,4,0,7,11,5,18,2,4,0.005,0.3888888888888889,10001,9629,0.9628037196280372
10,5,18,13,1,4,0,7,11,5,18,3,4,0.005,0.3888888888888889,10001,9657,0.9656034396560343
10,5,18,13,1,4,0,7,11,5,18,3,5,0.005,0.4444444444444444,10001,9532,0.9531046895310469
10,5,18,13,1,4,0,8,13,5,18,2,2,0.005,0.1111111111111111,10001,9522,0.9521047895210479
10,5,18,13,1,4,0,8,13,5,18,2,5,0.005,0.1111111111111111,10001,9500,0.9499050094990501
10,5,18,13,1,4,0,8,13,5,18,3,2,0.005,0.1111111111111111,10001,9525,0.9524047595240476
10,5,18,13,1,4,0,8,13,5,18,3,4,0.005,0.1111111111111111,10001,9503,0.9502049795020497
10,5,18,13,2,3,0,13,8,5,18,2,0,0.005,0.1111111111111111,10001,9464,0.9463053694630537
10,5,18,13,2,3,0,13,8,5,18,2,1,0.005,0.1111111111111111,10001,9568,0.9567043295670433
10,5,18,13,2,3,0,13,8,5,18,3,3,0.005,0.1111111111111111,10001,9500,0.9499050094990501
10,5,18,13,2,3,0,8,13,5,18,2,4,0.005,0.1111111111111111,10001,9477,0.9476052394760524
10,5,18,13,2,3,0,8,13,5,18,3,2,0.005,0.1111111111111111,10001,9492,0.9491050894910509
10,5,18,13,2,3,0,8,13,5,18,3,5,0.005,0.1111111111111111,10001,9480,0.9479052094790521
10,5,18,13,3,2,0,1,2,5,18,2,0,0.005,0.3333333333333333,10001,9640,0.9639036096390361
10,5,18,13,3,2,0,1,2,5,18,2,2,0.005,0.2777777777777778,10001,9742,0.9741025897410259
10,5,18,13,3,2,0,1,2,5,18,2,3,0.005,0.3333333333333333,10001,9650,0.9649035096490352
10,5,18,13,3,2,0,1,2,5,18,3,0,0.005,0.3333333333333333,10001,9665,0.9664033596640336
10,5,18,13,3,2,0,1,2,5,18,3,1,0.005,0.3888888888888889,10001,9443,0.9442055794420557
10,5,18,13,3,2,0,1,2,5,18,3,2,0.005,0.2777777777777778,10001,9759,0.9758024197580242
10,5,18,13,3,2,0,1,2,5,18,3,3,0.005,0.3333333333333333,10001,9673,0.9672032796720328
10,5,18,13,3,2,0,2,13,5,18,2,5,0.005,0.2777777777777778,10001,9750,0.9749025097490251
10,5,18,13,3,2,0,2,13,5,18,3,4,0.005,0.3333333333333333,10001,9551,0.955004499550045
10,5,18,13,3,2,0,2,13,5,18,3,5,0.005,0.2777777777777778,10001,9696,0.9695030496950305
10,5,18,13,3,2,0,5,16,5,18,2,0,0.005,0.2777777777777778,10001,9780,0.9779022097790221
10,5,18,13,3,2,0,5,16,5,18,2,1,0.005,0.2777777777777778,10001,9749,0.9748025197480252
10,5,18,13,3,2,0,5,16,5,18,3,0,0.005,0.2777777777777778,10001,9748,0.9747025297470253
10,5,18,13,3,2,0,5,16,5,18,3,1,0.005,0.2777777777777778,10001,9755,0.9754024597540246
10,5,18,13,4,1,0,1,8,5,18,2,3,0.005,0.3888888888888889,10001,9487,0.9486051394860514
10,5,18,13,4,1,0,11,13,5,18,2,4,0.005,0.2777777777777778,10001,9769,0.9768023197680232
10,5,18,13,4,1,0,11,13,5,18,2,5,0.005,0.2777777777777778,10001,9746,0.9745025497450255
10,5,18,13,4,1,0,11,13,5,18,3,4,0.005,0.2777777777777778,10001,9754,0.9753024697530247
10,5,18,13,4,1,0,11,13,5,18,3,5,0.005,0.2777777777777778,10001,9739,0.9738026197380262
10,5,18,13,4,1,0,13,17,5,18,2,5,0.005,0.2777777777777778,10001,9585,0.9584041595840416
10,5,18,13,4,1,0,13,17,5,18,3,4,0.005,0.3333333333333333,10001,9527,0.9526047395260474
10,5,18,13,4,1,0,13,17,5,18,3,5,0.005,0.2777777777777778,10001,9620,0.9619038096190381
10,5,18,13,4,1,0,14,7,5,18,2,4,0.005,0.4444444444444444,10001,9524,0.9523047695230477
10,5,18,13,4,1,0,14,7,5,18,2,5,0.005,0.3888888888888889,10001,9633,0.9632036796320368
10,5,18,13,4,1,0,14,7,5,18,3,4,0.005,0.4444444444444444,10001,9553,0.9552044795520448
10,5,18,13,4,1,0,14,7,5,18,3,5,0.005,0.3888888888888889,10001,9618,0.9617038296170383
10,5,18,13,4,1,0,2,13,5,18,2,5,0.005,0.2777777777777778,10001,9744,0.9743025697430256
10,5,18,13,4,1,0,2,13,5,18,3,5,0.005,0.2777777777777778,10001,9750,0.9749025097490251
10,5,18,14,1,4,0,17,10,5,18,2,2,0.005,0.3333333333333333,10001,9709,0.9708029197080292
10,5,18,14,1,4,0,17,10,5,18,3,2,0.005,0.3333333333333333,10001,9693,0.9692030796920308
10,5,18,14,1,4,0,17,10,5,18,3,3,0.005,0.3888888888888889,10001,9508,0.9507049295070493
10,5,18,14,1,4,0,17,13,5,18,2,0,0.005,0.2777777777777778,10001,9604,0.9603039696030397
10,5,18,14,1,4,0,17,13,5,18,2,1,0.005,0.2777777777777778,10001,9649,0.9648035196480352
10,5,18,14,1,4,0,17,13,5,18,3,0,0.005,0.2777777777777778,10001,9619,0.9618038196180382
10,5,18,14,1,4,0,17,13,5,18,3,1,0.005,0.2777777777777778,10001,9620,0.9619038096190381
10,5,18,14,1,4,0,4,5,5,18,2,2,0.005,0.2777777777777778,10001,9605,0.9604039596040396
10,5,18,14,1,4,0,4,5,5,18,2,3,0.005,0.2777777777777778,10001,9611,0.961003899610039
10,5,18,14,1,4,0,4,5,5,18,3,2,0.005,0.2777777777777778,10001,9610,0.960903909609039
10,5,18,14,1,4,0,4,5,5,18,3,3,0.005,0.2777777777777778,10001,9645,0.9644035596440356
10,5,18,14,2,3,0,1,8,5,18,2,2,0.005,0.2777777777777778,10001,9689,0.9688031196880312
10,5,18,14,2,3,0,1,8,5,18,2,3,0.005,0.2777777777777778,10001,9703,0.9702029797020298
10,5,18,14,2,3,0,1,8,5,18,3,2,0.005,0.2777777777777778,10001,9690,0.9689031096890312
10,5,18,14,2,3,0,1,8,5,18,3,3,0.005,0.2777777777777778,10001,9673,0.9672032796720328
10,5,18,14,2,3,0,11,10,5,18,2,0,0.005,0.2777777777777778,10001,9670,0.9669033096690332
10,5,18,14,2,3,0,11,10,5,18,2,1,0.005,0.2777777777777778,10001,9678,0.9677032296770323
10,5,18,14,2,3,0,11,10,5,18,3,0,0.005,0.2777777777777778,10001,9709,0.9708029197080292
10,5,18,14,2,3,0,11,10,5,18,3,1,0.005,0.2777777777777778,10001,9743,0.9742025797420258
10,5,18,14,2,3,0,11,7,5,18,2,0,0.005,0.1111111111111111,10001,9780,0.9779022097790221
10,5,18,14,2,3,0,11,7,5,18,2,1,0.005,0.16666666666666666,10001,9714,0.9713028697130287
10,5,18,14,2,3,0,11,7,5,18,2,4,0.005,0.2222222222222222,10001,9455,0.9454054594540546
10,5,18,14,2,3,0,11,7,5,18,2,5,0.005,0.16666666666666666,10001,9693,0.9692030796920308
10,5,18,14,2,3,0,11,7,5,18,3,0,0.005,0.1111111111111111,10001,9790,0.9789021097890211
10,5,18,14,2,3,0,11,7,5,18,3,1,0.005,0.16666666666666666,10001,9717,0.9716028397160283
10,5,18,14,2,3,0,11,7,5,18,3,5,0.005,0.16666666666666666,10001,9696,0.9695030496950305
10,5,18,14,2,3,0,7,14,5,18,2,0,0.005,0.16666666666666666,10001,9701,0.97000299970003
10,5,18,14,2,3,0,7,14,5,18,2,1,0.005,0.1111111111111111,10001,9765,0.9764023597640236
10,5,18,14,2,3,0,7,14,5,18,2,3,0.005,0.16666666666666666,10001,9718,0.9717028297170283
10,5,18,14,2,3,0,7,14,5,18,3,0,0.005,0.16666666666666666,10001,9690,0.9689031096890312
10,5,18,14,2,3,0,7,14,5,18,3,1,0.005,0.1111111111111111,10001,9760,0.9759024097590241
10,5,18,14,2,3,0,7,14,5,18,3,3,0.005,0.16666666666666666,10001,9703,0.9702029797020298
10,5,18,14,2,3,0,7,17,5,18,2,0,0.005,0.2777777777777778,10001,9674,0.9673032696730327
10,5,18,14,2,3,0,7,17,5,18,2,1,0.005,0.2777777777777778,10001,9701,0.97000299970003
10,5,18,14,2,3,0,7,17,5,18,3,0,0.005,0.2777777777777778,10001,9685,0.9684031596840316
10,5,18,14,2,3,0,7,17,5,18,3,1,0.005,0.2777777777777778,10001,9697,0.9696030396960303
10,5,18,14,2,3,0,8,7,5,18,2,4,0.005,0.3888888888888889,10001,9495,0.9494050594940506
10,5,18,14,2,3,0,8,7,5,18,2,5,0.005,0.3333333333333333,10001,9682,0.9681031896810319
10,5,18,14,2,3,0,8,7,5,18,3,4,0.005,0.3888888888888889,10001,9465,0.9464053594640536
10,5,18,14,2,3,0,8,7,5,18,3,5,0.005,0.3333333333333333,10001,9717,0.9716028397160283
10,5,18,14,3,2,0,14,1,5,18,2,4,0.005,0.2777777777777778,10001,9597,0.9596040395960403
10,5,18,14,3,2,0,14,1,5,18,2,5,0.005,0.2777777777777778,10001,9605,0.9604039596040396
10,5,18,14,3,2,0,14,1,5,18,3,4,0.005,0.2777777777777778,10001,9612,0.9611038896110389
10,5,18,14,3,2,0,14,1,5,18,3,5,0.005,0.2777777777777778,10001,9630,0.962903709629037
10,5,18,14,4,1,0,4,5,5,18,2,2,0.005,0.2777777777777778,10001,9605,0.9604039596040396
10,5,18,14,4,1,0,4,5,5,18,2,3,0.005,0.2777777777777778,10001,9622,0.9621037896210379
10,5,18,14,4,1,0,4,5,5,18,3,2,0.005,0.2777777777777778,10001,9626,0.9625037496250375
10,5,18,14,4,1,0,4,5,5,18,3,3,0.005,0.2777777777777778,10001,9600,0.9599040095990401
10,5,18,16,1,4,0,17,13,5,18,2,0,0.005,0.2777777777777778,10001,9679,0.9678032196780322
10,5,18,16,1,4,0,17,13,5,18,2,1,0.005,0.2777777777777778,10001,9679,0.9678032196780322
10,5,18,16,1,4,0,17,13,5,18,3,0,0.005,0.2777777777777778,10001,9686,0.9685031496850315
10,5,18,16,1,4,0,17,13,5,18,3,1,0.005,0.2777777777777778,10001,9697,0.9696030396960303
10,5,18,16,1,4,0,17,16,5,18,2,0,0.005,0.16666666666666666,10001,9707,0.9706029397060294
10,5,18,16,1,4,0,17,16,5,18,2,1,0.005,0.1111111111111111,10001,9761,0.976002399760024
10,5,18,16,1,4,0,17,16,5,18,2,3,0.005,0.16666666666666666,10001,9694,0.9693030696930307
10,5,18,16,1,4,0,17,16,5,18,3,0,0.005,0.16666666666666666,10001,9703,0.9702029797020298
10,5,18,16,1,4,0,17,16,5,18,3,1,0.005,0.1111111111111111,10001,9766,0.9765023497650235
10,5,18,16,1,4,0,17,16,5,18,3,3,0.005,0.16666666666666666,10001,9710,0.9709029097090291
10,5,18,16,1,4,0,5,13,5,18,2,0,0.005,0.2222222222222222,10001,9784,0.9783021697830216
10,5,18,16,1,4,0,5,13,5,18,2,1,0.005,0.2777777777777778,10001,9734,0.9733026697330267
10,5,18,16,1,4,0,5,13,5,18,2,4,0.005,0.3333333333333333,10001,9446,0.9445055494450555
10,5,18,16,1,4,0,5,13,5,18,2,5,0.005,0.2777777777777778,10001,9721,0.972002799720028
10,5,18,16,1,4,0,5,13,5,18,3,0,0.005,0.2222222222222222,10001,9790,0.9789021097890211
10,5,18,16,1,4,0,5,13,5,18,3,1,0.005,0.2777777777777778,10001,9699,0.9698030196980302
10,5,18,16,1,4,0,5,13,5,18,3,4,0.005,0.3333333333333333,10001,9520,0.9519048095190481
10,5,18,16,1,4,0,5,13,5,18,3,5,0.005,0.2777777777777778,10001,9693,0.9692030796920308
10,5,18,16,2,3,0,13,17,5,18,2,4,0.005,0.2777777777777778,10001,9707,0.9706029397060294
10,5,18,16,2,3,0,13,17,5,18,2,5,0.005,0.2777777777777778,10001,9691,0.969003099690031
10,5,18,16,2,3,0,13,17,5,18,3,4,0.005,0.2777777777777778,10001,9707,0.9706029397060294
10,5,18,16,2,3,0,13,17,5,18,3,5,0.005,0.2777777777777778,10001,9677,0.9676032396760323
10,5,18,16,2,3,0,4,17,5,18,2,5,0.005,0.3333333333333333,10001,9719,0.9718028197180282
10,5,18,16,2,3,0,4,17,5,18,3,4,0.005,0.3888888888888889,10001,9495,0.9494050594940506
10,5,18,16,2,3,0,4,17,5,18,3,5,0.005,0.3333333333333333,10001,9696,0.9695030496950305
10,5,18,16,2,3,0,5,1,5,18,2,4,0.005,0.3333333333333333,10001,9723,0.9722027797220278
10,5,18,16,2,3,0,5,1,5,18,2,5,0.005,0.3888888888888889,10001,9545,0.9544045595440456
10,5,18,16,2,3,0,5,1,5,18,3,4,0.005,0.3333333333333333,10001,9700,0.9699030096990301
10,5,18,16,2,3,0,5,1,5,18,3,5,0.005,0.3888888888888889,10001,9503,0.9502049795020497
10,5,18,16,3,2,0,14,1,5,18,2,4,0.005,0.2777777777777778,10001,9709,0.9708029197080292
10,5,18,16,3,2,0,14,1,5,18,2,5,0.005,0.2777777777777778,10001,9710,0.9709029097090291
10,5,18,16,3,2,0,14,1,5,18,3,4,0.005,0.2777777777777778,10001,9656,0.9655034496550345
10,5,18,16,3,2,0,14,1,5,18,3,5,0.005,0.2777777777777778,10001,9703,0.9702029797020298
10,5,18,16,3,2,0,4,17,5,18,2,5,0.005,0.3333333333333333,10001,9712,0.9711028897110289
10,5,18,16,3,2,0,4,17,5,18,3,4,0.005,0.3888888888888889,10001,9497,0.9496050394960504
10,5,18,16,3,2,0,4,17,5,18,3,5,0.005,0.3333333333333333,10001,9689,0.9688031196880312
10,5,18,16,3,2,0,5,10,5,18,2,0,0.005,0.2777777777777778,10001,9727,0.9726027397260274
10,5,18,16,3,2,0,5,10,5,18,2,1,0.005,0.3333333333333333,10001,9495,0.9494050594940506
10,5,18,16,3,2,0,5,10,5,18,2,2,0.005,0.2222222222222222,10001,9767,0.9766023397660234
10,5,18,16,3,2,0,5,10,5,18,2,3,0.005,0.2777777777777778,10001,9709,0.9708029197080292
10,5,18,16,3,2,0,5,10,5,18,3,0,0.005,0.2777777777777778,10001,9711,0.971002899710029
10,5,18,16,3,2,0,5,10,5,18,3,1,0.005,0.3333333333333333,10001,9439,0.9438056194380562
10,5,18,16,3,2,0,5,10,5,18,3,2,0.005,0.2222222222222222,10001,9796,0.9795020497950205
10,5,18,16,3,2,0,5,10,5,18,3,3,0.005,0.2777777777777778,10001,9730,0.9729027097290271
10,5,18,16,3,2,0,5,4,5,18,2,2,0.005,0.2777777777777778,10001,9687,0.9686031396860314
10,5,18,16,3,2,0,5,4,5,18,2,3,0.005,0.2777777777777778,10001,9677,0.9676032396760323
10,5,18,16,3,2,0,5,4,5,18,3,2,0.005,0.2777777777777778,10001,9680,0.9679032096790321
10,5,18,16,3,2,0,5,4,5,18,3,3,0.005,0.2777777777777778,10001,9684,0.9683031696830317
10,5,18,16,4,1,0,16,5,5,18,2,4,0.005,0.2777777777777778,10001,9616,0.9615038496150385
10,5,18,16,4,1,0,16,5,5,18,2,5,0.005,0.2777777777777778,10001,9649,0.9648035196480352
10,5,18,16,4,1,0,16,5,5,18,3,4,0.005,0.2777777777777778,10001,9633,0.9632036796320368
10,5,18,16,4,1,0,16,5,5,18,3,5,0.005,0.2777777777777778,10001,9601,0.96000399960004
10,5,18,16,4,1,0,17,13,5,18,2,0,0.005,0.2777777777777778,10001,9694,0.9693030696930307
10,5,18,16,4,1,0,17,13,5,18,2,1,0.005,0.2777777777777778,10001,9679,0.9678032196780322
10,5,18,16,4,1,0,17,13,5,18,3,0,0.005,0.2777777777777778,10001,9658,0.9657034296570343
10,5,18,16,4,1,0,17,13,5,18,3,1,0.005,0.2777777777777778,10001,9701,0.97000299970003
10,5,18,17,1,4,0,1,14,5,18,2,0,0.005,0.2777777777777778,10001,9742,0.9741025897410259
10,5,18,17,1,4,0,1,14,5,18,2,1,0.005,0.2777777777777778,10001,9744,0.9743025697430256
10,5,18,17,1,4,0,1,14,5,18,3,0,0.005,0.2777777777777778,10001,9702,0.9701029897010299
10,5,18,17,1,4,0,1,14,5,18,3,1,0.005,0.2777777777777778,10001,9800,0.9799020097990201
10,5,18,17,1,4,0,1,8,5,18,2,2,0.005,0.3333333333333333,10001,9533,0.9532046795320468
10,5,18,17,1,4,0,1,8,5,18,2,3,0.005,0.2777777777777778,10001,9596,0.9595040495950405
10,5,18,17,1,4,0,1,8,5,18,3,2,0.005,0.3333333333333333,10001,9548,0.9547045295470453
10,5,18,17,1,4,0,1,8,5,18,3,3,0.005,0.2777777777777778,10001,9564,0.9563043695630437
10,5,18,17,1,4,0,5,1,5,18,2,4,0.005,0.2777777777777778,10001,9703,0.9702029797020298
10,5,18,17,1,4,0,5,1,5,18,2,5,0.005,0.3333333333333333,10001,9489,0.9488051194880512
10,5,18,17,1,4,0,5,1,5,18,3,4,0.005,0.2777777777777778,10001,9757,0.9756024397560243
10,5,18,17,1,4,0,7,14,5,18,2,0,0.005,0.3333333333333333,10001,9699,0.9698030196980302
10,5,18,17,1,4,0,7,14,5,18,2,1,0.005,0.2777777777777778,10001,9729,0.9728027197280272
10,5,18,17,1,4,0,7,14,5,18,2,3,0.005,0.3333333333333333,10001,9677,0.9676032396760323
10,5,18,17,1,4,0,7,14,5,18,3,0,0.005,0.3333333333333333,10001,9648,0.9647035296470353
10,5,18,17,1,4,0,7,14,5,18,3,1,0.005,0.2777777777777778,10001,9774,0.9773022697730227
10,5,18,17,1,4,0,7,14,5,18,3,3,0.005,0.3333333333333333,10001,9695,0.9694030596940306
10,5,18,17,1,4,0,8,1,5,18,2,2,0.005,0.2777777777777778,10001,9606,0.9605039496050395
10,5,18,17,1,4,0,8,1,5,18,3,2,0.005,0.2777777777777778,10001,9638,0.9637036296370363
10,5,18,17,1,4,0,8,1,5,18,3,3,0.005,0.3333333333333333,10001,9493,0.9492050794920508
10,5,18,17,2,3,0,11,10,5,18,2,0,0.005,0.2777777777777778,10001,9626,0.9625037496250375
10,5,18,17,2,3,0,11,10,5,18,2,1,0.005,0.3333333333333333,10001,9495,0.9494050594940506
10,5,18,17,2,3,0,11,10,5,18,3,0,0.005,0.2777777777777778,10001,9595,0.9594040595940406
10,5,18,17,2,3,0,14,7,5,18,2,2,0.005,0.3333333333333333,10001,9665,0.9664033596640336
10,5,18,17,2,3,0,14,7,5,18,2,3,0.005,0.3888888888888889,10001,9404,0.9403059694030597
10,5,18,17,2,3,0,14,7,5,18,2,4,0.005,0.3333333333333333,10001,9689,0.9688031196880312
10,5,18,17,2,3,0,14,7,5,18,2,5,0.005,0.2777777777777778,10001,9737,0.9736026397360263
10,5,18,17,2,3,0,14,7,5,18,3,2,0.005,0.3333333333333333,10001,9682,0.9681031896810319
10,5,18,17,2,3,0,14,7,5,18,3,4,0.005,0.3333333333333333,10001,9681,0.968003199680032
10,5,18,17,2,3,0,14,7,5,18,3,5,0.005,0.2777777777777778,10001,9738,0.9737026297370263
10,5,18,17,2,3,0,2,1,5,18,2,2,0.005,0.1111111111111111,10001,9490,0.948905109489051
10,5,18,17,2,3,0,2,1,5,18,2,4,0.005,0.1111111111111111,10001,9487,0.9486051394860514
10,5,18,17,2,3,0,2,1,5,18,3,2,0.005,0.1111111111111111,10001,9470,0.946905309469053
10,5,18,17,2,3,0,2,1,5,18,3,4,0.005,0.1111111111111111,10001,9445,0.9444055594440556
10,5,18,17,3,2,0,1,14,5,18,2,0,0.005,0.2777777777777778,10001,9746,0.9745025497450255
10,5,18,17,3,2,0,1,14,5,18,2,1,0.005,0.2777777777777778,10001,9735,0.9734026597340266
10,5,18,17,3,2,0,1,14,5,18,3,0,0.005,0.2777777777777778,10001,9748,0.9747025297470253
10,5,18,17,3,2,0,1,14,5,18,3,1,0.005,0.2777777777777778,10001,9751,0.975002499750025
10,5,18,17,3,2,0,10,5,5,18,2,4,0.005,0.4444444444444444,10001,9528,0.9527047295270473
10,5,18,17,3,2,0,10,5,5,18,2,5,0.005,0.3888888888888889,10001,9609,0.9608039196080392
10,5,18,17,3,2,0,10,5,5,18,3,4,0.005,0.4444444444444444,10001,9508,0.9507049295070493
10,5,18,17,3,2,0,10,5,5,18,3,5,0.005,0.3888888888888889,10001,9610,0.960903909609039
10,5,18,17,3,2,0,11,10,5,18,2,0,0.005,0.2777777777777778,10001,9620,0.9619038096190381
10,5,18,17,3,2,0,11,10,5,18,2,1,0.005,0.3333333333333333,10001,9445,0.9444055594440556
10,5,18,17,3,2,0,11,10,5,18,3,0,0.005,0.2777777777777778,10001,9586,0.9585041495850415
10,5,18,17,3,2,0,11,10,5,18,3,1,0.005,0.3333333333333333,10001,9505,0.9504049595040496
10,5,18,17,3,2,0,17,13,5,18,2,0,0.005,0.2777777777777778,10001,9748,0.9747025297470253
10,5,18,17,3,2,0,17,13,5,18,2,1,0.005,0.2777777777777778,10001,9747,0.9746025397460254
10,5,18,17,3,2,0,17,13,5,18,3,0,0.005,0.2777777777777778,10001,9747,0.9746025397460254
10,5,18,17,3,2,0,17,13,5,18,3,1,0.005,0.2777777777777778,10001,9734,0.9733026697330267
10,5,18,17,3,2,0,5,4,5,18,2,2,0.005,0.2777777777777778,10001,9778,0.9777022297770223
10,5,18,17,3,2,0,5,4,5,18,2,3,0.005,0.2777777777777778,10001,9755,0.9754024597540246
10,5,18,17,3,2,0,5,4,5,18,3,2,0.005,0.2777777777777778,10001,9755,0.9754024597540246
10,5,18,17,3,2,0,5,4,5,18,3,3,0.005,0.2777777777777778,10001,9738,0.9737026297370263
10,5,18,17,4,1,0,1,17,5,18,2,5,0.005,0.1111111111111111,10001,9495,0.9494050594940506
10,5,18,17,4,1,0,1,17,5,18,3,5,0.005,0.1111111111111111,10001,9485,0.9484051594840516
10,5,18,17,4,1,0,1,8,5,18,2,3,0.005,0.2777777777777778,10001,9571,0.957004299570043
10,5,18,17,4,1,0,1,8,5,18,3,2,0.005,0.3333333333333333,10001,9527,0.9526047395260474
10,5,18,17,4,1,0,1,8,5,18,3,3,0.005,0.2777777777777778,10001,9587,0.9586041395860414
10,5,18,17,4,1,0,10,5,5,18,2,5,0.005,0.3888888888888889,10001,9602,0.9601039896010399
10,5,18,17,4,1,0,10,5,5,18,3,5,0.005,0.3888888888888889,10001,9628,0.9627037296270373
10,5,18,17,4,1,0,13,5,5,18,2,0,0.005,0.3888888888888889,10001,9663,0.9662033796620338
10,5,18,17,4,1,0,13,5,5,18,3,0,0.005,0.3888888888888889,10001,9591,0.959004099590041
10,5,18,17,4,1,0,14,7,5,18,2,2,0.005,0.3333333333333333,10001,9656,0.9655034496550345
10,5,18,17,4,1,0,14,7,5,18,2,4,0.005,0.3333333333333333,10001,9668,0.9667033296670333
10,5,18,17,4,1,0,14,7,5,18,2,5,0.005,0.2777777777777778,10001,9727,0.9726027397260274
10,5,18,17,4,1,0,14,7,5,18,3,2,0.005,0.3333333333333333,10001,9638,0.9637036296370363
10,5,18,17,4,1,0,14,7,5,18,3,4,0.005,0.3333333333333333,10001,9686,0.9685031496850315
10,5,18,17,4,1,0,14,7,5,18,3,5,0.005,0.2777777777777778,10001,9736,0.9735026497350265
10,5,18,2,1,4,0,1,2,5,18,2,0,0.005,0.16666666666666666,10001,9718,0.9717028297170283
10,5,18,2,1,4,0,1,2,5,18,2,1,0.005,0.1111111111111111,10001,9765,0.9764023597640236
10,5,18,2,1,4,0,1,2,5,18,2,2,0.005,0.2222222222222222,10001,9437,0.9436056394360564
10,5,18,2,1,4,0,1,2,5,18,2,3,0.005,0.16666666666666666,10001,9693,0.9692030796920308
10,5,18,2,1,4,0,1,2,5,18,3,0,0.005,0.16666666666666666,10001,9726,0.9725027497250275
10,5,18,2,1,4,0,1,2,5,18,3,1,0.005,0.1111111111111111,10001,9772,0.9771022897710229
10,5,18,2,1,4,0,1,2,5,18,3,3,0.005,0.16666666666666666,10001,9718,0.9717028297170283
10,5,18,2,1,4,0,11,16,5,18,2,2,0.005,0.2777777777777778,10001,9587,0.9586041395860414
10,5,18,2,1,4,0,11,16,5,18,2,3,0.005,0.2777777777777778,10001,9610,0.960903909609039
10,5,18,2,1,4,0,11,16,5,18,3,2,0.005,0.2777777777777778,10001,9615,0.9614038596140386
10,5,18,2,1,4,0,11,16,5,18,3,3,0.005,0.2777777777777778,10001,9609,0.9608039196080392
10,5,18,2,1,4,0,14,13,5,18,2,2,0.005,0.2777777777777778,10001,9709,0.9708029197080292
10,5,18,2,1,4,0,14,13,5,18,2,3,0.005,0.2777777777777778,10001,9677,0.9676032396760323
10,5,18,2,1,4,0,14,13,5,18,3,2,0.005,0.2777777777777778,10001,9675,0.9674032596740326
10,5,18,2,1,4,0,14,13,5,18,3,3,0.005,0.2777777777777778,10001,9695,0.9694030596940306
10,5,18,2,1,4,0,16,11,5,18,2,2,0.005,0.2777777777777778,10001,9629,0.9628037196280372
10,5,18,2,1,4,0,16,11,5,18,2,3,0.005,0.2777777777777778,10001,9627,0.9626037396260374
10,5,18,2,1,4,0,16,11,5,18,3,2,0.005,0.2777777777777778,10001,9613,0.9612038796120388
10,5,18,2,1,4,0,16,11,5,18,3,3,0.005,0.2777777777777778,10001,9614,0.9613038696130387
10,5,18,2,1,4,0,5,13,5,18,2,0,0.005,0.3333333333333333,10001,9495,0.9494050594940506
10,5,18,2,1,4,0,5,13,5,18,2,1,0.005,0.2777777777777778,10001,9730,0.9729027097290271
10,5,18,2,1,4,0,5,13,5,18,2,4,0.005,0.2222222222222222,10001,9783,0.9782021797820218
10,5,18,2,1,4,0,5,13,5,18,2,5,0.005,0.2777777777777778,10001,9730,0.9729027097290271
10,5,18,2,1,4,0,5,13,5,18,3,0,0.005,0.3333333333333333,10001,9506,0.9505049495050495
10,5,18,2,1,4,0,5,13,5,18,3,1,0.005,0.2777777777777778,10001,9720,0.9719028097190281
10,5,18,2,1,4,0,5,13,5,18,3,4,0.005,0.2222222222222222,10001,9789,0.9788021197880212
10,5,18,2,1,4,0,5,13,5,18,3,5,0.005,0.2777777777777778,10001,9750,0.9749025097490251
10,5,18,2,1,4,0,5,4,5,18,2,2,0.005,0.3333333333333333,10001,9697,0.9696030396960303
10,5,18,2,1,4,0,5,4,5,18,3,2,0.005,0.3333333333333333,10001,9702,0.9701029897010299
10,5,18,2,1,4,0,5,4,5,18,3,3,0.005,0.3888888888888889,10001,9486,0.9485051494850515
10,5,18,2,2,3,0,14,1,5,18,2,5,0.005,0.3333333333333333,10001,9714,0.9713028697130287
10,5,18,2,2,3,0,14,1,5,18,3,5,0.005,0.3333333333333333,10001,9730,0.9729027097290271
10,5,18,2,2,3,0,16,11,5,18,2,2,0.005,0.2777777777777778,10001,9636,0.9635036496350365
10,5,18,2,2,3,0,16,11,5,18,3,2,0.005,0.2777777777777778,10001,9605,0.9604039596040396
10,5,18,2,2,3,0,16,11,5,18,3,3,0.005,0.2777777777777778,10001,9597,0.9596040395960403
10,5,18,2,2,3,0,17,1,5,18,2,0,0.005,0.1111111111111111,10001,9764,0.9763023697630236
10,5,18,2,2,3,0,17,1,5,18,2,1,0.005,0.16666666666666666,10001,9668,0.9667033296670333
10,5,18,2,2,3,0,17,1,5,18,2,4,0.005,0.2222222222222222,10001,9462,0.9461053894610539
10,5,18,2,2,3,0,17,1,5,18,2,5,0.005,0.16666666666666666,10001,9722,0.9721027897210279
10,5,18,2,2,3,0,17,1,5,18,3,0,0.005,0.1111111111111111,10001,9752,0.9751024897510249
10,5,18,2,2,3,0,17,1,5,18,3,1,0.005,0.16666666666666666,10001,9702,0.9701029897010299
10,5,18,2,2,3,0,17,1,5,18,3,4,0.005,0.2222222222222222,10001,9417,0.9416058394160584
10,5,18,2,2,3,0,17,1,5,18,3,5,0.005,0.16666666666666666,10001,9711,0.971002899710029
10,5,18,2,3,2,0,1,2,5,18,2,0,0.005,0.16666666666666666,10001,9726,0.9725027497250275
10,5,18,2,3,2,0,1,2,5,18,2,1,0.005,0.1111111111111111,10001,9767,0.9766023397660234
10,5,18,2,3,2,0,1,2,5,18,2,3,0.005,0.16666666666666666,10001,9686,0.9685031496850315
10,5,18,2,3,2,0,1,2,5,18,3,0,0.005,0.16666666666666666,10001,9730,0.9729027097290271
10,5,18,2,3,2,0,1,2,5,18,3,1,0.005,0.1111111111111111,10001,9772,0.9771022897710229
10,5,18,2,3,2,0,1,2,5,18,3,3,0.005,0.16666666666666666,10001,9706,0.9705029497050295
10,5,18,2,3,2,0,11,16,5,18,2,2,0.005,0.2777777777777778,10001,9636,0.9635036496350365
10,5,18,2,3,2,0,11,16,5,18,2,3,0.005,0.2777777777777778,10001,9625,0.9624037596240376
10,5,18,2,3,2,0,11,16,5,18,3,2,0.005,0.2777777777777778,10001,9594,0.9593040695930407
10,5,18,2,3,2,0,11,16,5,18,3,3,0.005,0.2777777777777778,10001,9596,0.9595040495950405
10,5,18,2,3,2,0,16,11,5,18,2,2,0.005,0.2777777777777778,10001,9609,0.9608039196080392
10,5,18,2,3,2,0,16,11,5,18,2,3,0.005,0.2777777777777778,10001,9596,0.9595040495950405
10,5,18,2,3,2,0,16,11,5,18,3,2,0.005,0.2777777777777778,10001,9621,0.962003799620038
10,5,18,2,3,2,0,16,11,5,18,3,3,0.005,0.2777777777777778,10001,9569,0.9568043195680432
10,5,18,2,3,2,0,5,10,5,18,2,0,0.005,0.2777777777777778,10001,9712,0.9711028897110289
10,5,18,2,3,2,0,5,10,5,18,2,1,0.005,0.2222222222222222,10001,9802,0.9801019898010199
10,5,18,2,3,2,0,5,10,5,18,2,2,0.005,0.3333333333333333,10001,9474,0.9473052694730527
10,5,18,2,3,2,0,5,10,5,18,2,3,0.005,0.2777777777777778,10001,9704,0.9703029697030296
10,5,18,2,3,2,0,5,10,5,18,3,0,0.005,0.2777777777777778,10001,9723,0.9722027797220278
10,5,18,2,3,2,0,5,10,5,18,3,1,0.005,0.2222222222222222,10001,9795,0.9794020597940206
10,5,18,2,3,2,0,5,10,5,18,3,2,0.005,0.3333333333333333,10001,9466,0.9465053494650535
10,5,18,2,3,2,0,5,10,5,18,3,3,0.005,0.2777777777777778,10001,9734,0.9733026697330267
10,5,18,2,3,2,0,5,7,5,18,2,0,0.005,0.2777777777777778,10001,9601,0.96000399960004
10,5,18,2,3,2,0,5,7,5,18,2,1,0.005,0.2777777777777778,10001,9625,0.9624037596240376
10,5,18,2,3,2,0,5,7,5,18,3,0,0.005,0.2777777777777778,10001,9628,0.9627037296270373
10,5,18,2,3,2,0,5,7,5,18,3,1,0.005,0.2777777777777778,10001,9611,0.961003899610039
10,5,18,2,3,2,0,7,5,5,18,2,4,0.005,0.2777777777777778,10001,9612,0.9611038896110389
10,5,18,2,3,2,0,7,5,5,18,2,5,0.005,0.2777777777777778,10001,9620,0.9619038096190381
10,5,18,2,3,2,0,7,5,5,18,3,4,0.005,0.2777777777777778,10001,9604,0.9603039696030397
10,5,18,2,3,2,0,7,5,5,18,3,5,0.005,0.2777777777777778,10001,9630,0.962903709629037
10,5,18,2,3,2,0,8,13,5,18,2,2,0.005,0.2777777777777778,10001,9711,0.971002899710029
10,5,18,2,3,2,0,8,13,5,18,2,3,0.005,0.2222222222222222,10001,9803,0.9802019798020198
10,5,18,2,3,2,0,8,13,5,18,2,4,0.005,0.2777777777777778,10001,9699,0.9698030196980302
10,5,18,2,3,2,0,8,13,5,18,3,2,0.005,0.2777777777777778,10001,9689,0.9688031196880312
10,5,18,2,3,2,0,8,13,5,18,3,3,0.005,0.2222222222222222,10001,9775,0.9774022597740226
10,5,18,2,3,2,0,8,13,5,18,3,4,0.005,0.2777777777777778,10001,9751,0.975002499750025
10,5,18,2,3,2,0,8,13,5,18,3,5,0.005,0.3333333333333333,10001,9475,0.9474052594740526
10,5,18,2,4,1,0,13,5,5,18,2,0,0.005,0.2222222222222222,10001,9800,0.9799020097990201
10,5,18,2,4,1,0,13,5,5,18,2,1,0.005,0.2777777777777778,10001,9740,0.9739026097390261
10,5,18,2,4,1,0,13,5,5,18,2,5,0.005,0.2777777777777778,10001,9712,0.9711028897110289
10,5,18,2,4,1,0,13,5,5,18,3,0,0.005,0.2222222222222222,10001,9770,0.9769023097690231
10,5,18,2,4,1,0,13,5,5,18,3,1,0.005,0.2777777777777778,10001,9723,0.9722027797220278
10,5,18,2,4,1,0,13,5,5,18,3,5,0.005,0.2777777777777778,10001,9717,0.9716028397160283
10,5,18,4,1,4,0,1,11,5,18,2,4,0.005,0.2777777777777778,10001,9652,0.9651034896510349
10,5,18,4,1,4,0,1,11,5,18,2,5,0.005,0.2777777777777778,10001,9702,0.9701029897010299
10,5,18,4,1,4,0,1,11,5,18,3,4,0.005,0.2777777777777778,10001,9696,0.9695030496950305
10,5,18,4,1,4,0,1,11,5,18,3,5,0.005,0.2777777777777778,10001,9697,0.9696030396960303
10,5,18,4,1,4,0,7,11,5,18,2,0,0.005,0.1111111111111111,10001,9765,0.9764023597640236
10,5,18,4,1,4,0,7,11,5,18,2,1,0.005,0.16666666666666666,10001,9708,0.9707029297070293
10,5,18,4,1,4,0,7,11,5,18,2,5,0.005,0.16666666666666666,10001,9700,0.9699030096990301
10,5,18,4,1,4,0,7,11,5,18,3,0,0.005,0.1111111111111111,10001,9771,0.977002299770023
10,5,18,4,1,4,0,7,11,5,18,3,1,0.005,0.16666666666666666,10001,9685,0.9684031596840316
10,5,18,4,1,4,0,7,11,5,18,3,5,0.005,0.16666666666666666,10001,9677,0.9676032396760323
10,5,18,4,2,3,0,4,17,5,18,2,4,0.005,0.2777777777777778,10001,9627,0.9626037396260374
10,5,18,4,2,3,0,4,17,5,18,3,4,0.005,0.2777777777777778,10001,9615,0.9614038596140386
10,5,18,4,2,3,0,4,17,5,18,3,5,0.005,0.2777777777777778,10001,9610,0.960903909609039
10,5,18,4,2,3,0,5,1,5,18,2,4,0.005,0.2777777777777778,10001,9639,0.9638036196380362
10,5,18,4,2,3,0,5,1,5,18,2,5,0.005,0.2777777777777778,10001,9597,0.9596040395960403
10,5,18,4,2,3,0,5,1,5,18,3,4,0.005,0.2777777777777778,10001,9597,0.9596040395960403
10,5,18,4,2,3,0,5,1,5,18,3,5,0.005,0.2777777777777778,10001,9593,0.9592040795920408
10,5,18,4,3,2,0,17,16,5,18,2,0,0.005,0.2777777777777778,10001,9726,0.9725027497250275
10,5,18,4,3,2,0,17,16,5,18,2,1,0.005,0.3333333333333333,10001,9449,0.9448055194480552
10,5,18,4,3,2,0,17,16,5,18,2,2,0.005,0.2222222222222222,10001,9788,0.9787021297870213
10,5,18,4,3,2,0,17,16,5,18,2,3,0.005,0.2777777777777778,10001,9703,0.9702029797020298
10,5,18,4,3,2,0,17,16,5,18,3,0,0.005,0.2777777777777778,10001,9725,0.9724027597240276
10,5,18,4,3,2,0,17,16,5,18,3,2,0.005,0.2222222222222222,10001,9780,0.9779022097790221
10,5,18,4,3,2,0,17,16,5,18,3,3,0.005,0.2777777777777778,10001,9723,0.9722027797220278
10,5,18,4,4,1,0,11,1,5,18,2,0,0.005,0.2777777777777778,10001,9669,0.9668033196680332
10,5,18,4,4,1,0,11,1,5,18,2,1,0.005,0.2777777777777778,10001,9691,0.969003099690031
10,5,18,4,4,1,0,11,1,5,18,3,0,0.005,0.2777777777777778,10001,9703,0.9702029797020298
10,5,18,4,4,1,0,11,1,5,18,3,1,0.005,0.2777777777777778,10001,9704,0.9703029697030296
10,5,18,4,4,1,0,14,7,5,18,2,2,0.005,0.16666666666666666,10001,9706,0.9705029497050295
10,5,18,4,4,1,0,14,7,5,18,2,3,0.005,0.1111111111111111,10001,9762,0.9761023897610239
10,5,18,4,4,1,0,14,7,5,18,2,4,0.005,0.16666666666666666,10001,9686,0.9685031496850315
10,5,18,4,4,1,0,14,7,5,18,3,2,0.005,0.16666666666666666,10001,9696,0.9695030496950305
10,5,18,4,4,1,0,14,7,5,18,3,3,0.005,0.1111111111111111,10001,9793,0.9792020797920208
10,5,18,4,4,1,0,14,7,5,18,3,4,0.005,0.16666666666666666,10001,9695,0.9694030596940306
10,5,18,4,4,1,0,17,16,5,18,2,0,0.005,0.2777777777777778,10001,9700,0.9699030096990301
10,5,18,4,4,1,0,17,16,5,18,2,1,0.005,0.3333333333333333,10001,9465,0.9464053594640536
10,5,18,4,4,1,0,17,16,5,18,2,2,0.005,0.2222222222222222,10001,9797,0.9796020397960205
10,5,18,4,4,1,0,17,16,5,18,2,3,0.005,0.2777777777777778,10001,9694,0.9693030696930307
10,5,18,4,4,1,0,17,16,5,18,3,0,0.005,0.2777777777777778,10001,9711,0.971002899710029
10,5,18,4,4,1,0,17,16,5,18,3,2,0.005,0.2222222222222222,10001,9783,0.9782021797820218
10,5,18,4,4,1,0,17,16,5,18,3,3,0.005,0.2777777777777778,10001,9711,0.971002899710029
10,5,18,4,4,1,0,8,7,5,18,2,4,0.005,0.2777777777777778,10001,9680,0.9679032096790321
10,5,18,4,4,1,0,8,7,5,18,2,5,0.005,0.2777777777777778,10001,9694,0.9693030696930307
10,5,18,4,4,1,0,8,7,5,18,3,4,0.005,0.2777777777777778,10001,9702,0.9701029897010299
10,5,18,4,4,1,0,8,7,5,18,3,5,0.005,0.2777777777777778,10001,9682,0.9681031896810319
10,5,18,5,1,4,0,1,11,5,18,2,5,0.005,0.3888888888888889,10001,9440,0.9439056094390561
10,5,18,5,1,4,0,11,13,5,18,2,4,0.005,0.2777777777777778,10001,9758,0.9757024297570243
10,5,18,5,1,4,0,11,13,5,18,2,5,0.005,0.3333333333333333,10001,9562,0.9561043895610439
10,5,18,5,1,4,0,11,13,5,18,3,4,0.005,0.2777777777777778,10001,9732,0.9731026897310269
10,5,18,5,1,4,0,11,13,5,18,3,5,0.005,0.3333333333333333,10001,9556,0.9555044495550445
10,5,18,5,1,4,0,11,4,5,18,2,1,0.005,0.3888888888888889,10001,9643,0.9642035796420358
10,5,18,5,1,4,0,11,4,5,18,3,1,0.005,0.3888888888888889,10001,9622,0.9621037896210379
10,5,18,5,1,4,0,11,7,5,18,2,4,0.005,0.3888888888888889,10001,9641,0.964003599640036
10,5,18,5,1,4,0,11,7,5,18,2,5,0.005,0.4444444444444444,10001,9529,0.9528047195280472
10,5,18,5,1,4,0,11,7,5,18,3,4,0.005,0.3888888888888889,10001,9614,0.9613038696130387
10,5,18,5,1,4,0,11,7,5,18,3,5,0.005,0.4444444444444444,10001,9530,0.952904709529047
10,5,18,5,1,4,0,5,13,5,18,3,1,0.005,0.1111111111111111,10001,9474,0.9473052694730527
10,5,18,5,1,4,0,5,13,5,18,3,5,0.005,0.1111111111111111,10001,9512,0.9511048895110489
10,5,18,5,2,3,0,17,16,5,18,2,0,0.005,0.3333333333333333,10001,9667,0.9666033396660334
10,5,18,5,2,3,0,17,16,5,18,2,2,0.005,0.2777777777777778,10001,9779,0.9778022197780222
10,5,18,5,2,3,0,17,16,5,18,2,3,0.005,0.3333333333333333,10001,9668,0.9667033296670333
10,5,18,5,2,3,0,17,16,5,18,3,0,0.005,0.3333333333333333,10001,9687,0.9686031396860314
10,5,18,5,2,3,0,17,16,5,18,3,2,0.005,0.2777777777777778,10001,9741,0.974002599740026
10,5,18,5,2,3,0,17,16,5,18,3,3,0.005,0.3333333333333333,10001,9641,0.964003599640036
10,5,18,5,2,3,0,7,2,5,18,2,2,0.005,0.2777777777777778,10001,9760,0.9759024097590241
10,5,18,5,2,3,0,7,2,5,18,3,2,0.005,0.2777777777777778,10001,9731,0.973002699730027
10,5,18,5,2,3,0,7,2,5,18,3,3,0.005,0.3333333333333333,10001,9536,0.9535046495350465
10,5,18,5,3,2,0,11,16,5,18,2,2,0.005,0.2777777777777778,10001,9746,0.9745025497450255
10,5,18,5,3,2,0,11,16,5,18,2,3,0.005,0.2777777777777778,10001,9733,0.9732026797320268
10,5,18,5,3,2,0,11,16,5,18,3,2,0.005,0.2777777777777778,10001,9747,0.9746025397460254
10,5,18,5,3,2,0,11,16,5,18,3,3,0.005,0.2777777777777778,10001,9768,0.9767023297670233
10,5,18,5,4,1,0,1,17,5,18,2,1,0.005,0.3333333333333333,10001,9646,0.9645035496450355
10,5,18,5,4,1,0,1,17,5,18,2,4,0.005,0.2777777777777778,10001,9744,0.9743025697430256
10,5,18,5,4,1,0,1,17,5,18,2,5,0.005,0.3333333333333333,10001,9657,0.9656034396560343
10,5,18,5,4,1,0,1,17,5,18,3,1,0.005,0.3333333333333333,10001,9669,0.9668033196680332
10,5,18,5,4,1,0,1,17,5,18,3,4,0.005,0.2777777777777778,10001,9781,0.978002199780022
10,5,18,5,4,1,0,1,17,5,18,3,5,0.005,0.3333333333333333,10001,9655,0.9654034596540346
10,5,18,5,4,1,0,11,16,5,18,2,2,0.005,0.2777777777777778,10001,9743,0.9742025797420258
10,5,18,5,4,1,0,11,16,5,18,2,3,0.005,0.2777777777777778,10001,9740,0.9739026097390261
10,5,18,5,4,1,0,11,16,5,18,3,2,0.005,0.2777777777777778,10001,9759,0.9758024197580242
10,5,18,5,4,1,0,11,16,5,18,3,3,0.005,0.2777777777777778,10001,9731,0.973002699730027
10,5,18,5,4,1,0,14,7,5,18,2,2,0.005,0.4444444444444444,10001,9555,0.9554044595540446
10,5,18,5,4,1,0,14,7,5,18,2,3,0.005,0.3888888888888889,10001,9637,0.9636036396360363
10,5,18,5,4,1,0,14,7,5,18,3,2,0.005,0.4444444444444444,10001,9523,0.9522047795220479
10,5,18,5,4,1,0,14,7,5,18,3,3,0.005,0.3888888888888889,10001,9623,0.9622037796220378
10,5,18,5,4,1,0,17,1,5,18,2,0,0.005,0.2777777777777778,10001,9775,0.9774022597740226
10,5,18,5,4,1,0,17,1,5,18,2,1,0.005,0.3333333333333333,10001,9684,0.9683031696830317
10,5,18,5,4,1,0,17,1,5,18,2,5,0.005,0.3333333333333333,10001,9667,0.9666033396660334
10,5,18,5,4,1,0,17,1,5,18,3,0,0.005,0.2777777777777778,10001,9736,0.9735026497350265
10,5,18,5,4,1,0,17,1,5,18,3,1,0.005,0.3333333333333333,10001,9662,0.9661033896610339
10,5,18,5,4,1,0,17,1,5,18,3,4,0.005,0.3888888888888889,10001,9409,0.9408059194080592
10,5,18,5,4,1,0,17,1,5,18,3,5,0.005,0.3333333333333333,10001,9671,0.967003299670033
10,5,18,7,1,4,0,16,17,5,18,2,2,0.005,0.4444444444444444,10001,9509,0.9508049195080492
10,5,18,7,1,4,0,16,17,5,18,2,3,0.005,0.3888888888888889,10001,9638,0.9637036296370363
10,5,18,7,1,4,0,16,17,5,18,3,2,0.005,0.4444444444444444,10001,9529,0.9528047195280472
10,5,18,7,1,4,0,16,17,5,18,3,3,0.005,0.3888888888888889,10001,9631,0.963003699630037
10,5,18,7,1,4,0,5,1,5,18,3,5,0.005,0.3888888888888889,10001,9496,0.9495050494950505
10,5,18,7,1,4,0,7,17,5,18,2,0,0.005,0.2777777777777778,10001,9729,0.9728027197280272
10,5,18,7,1,4,0,7,17,5,18,2,1,0.005,0.2777777777777778,10001,9734,0.9733026697330267
10,5,18,7,1,4,0,7,17,5,18,3,0,0.005,0.2777777777777778,10001,9722,0.9721027897210279
10,5,18,7,1,4,0,7,17,5,18,3,1,0.005,0.2777777777777778,10001,9743,0.9742025797420258
10,5,18,7,2,3,0,10,11,5,18,2,4,0.005,0.2777777777777778,10001,9724,0.9723027697230276
10,5,18,7,2,3,0,10,11,5,18,2,5,0.005,0.2777777777777778,10001,9718,0.9717028297170283
10,5,18,7,2,3,0,10,11,5,18,3,4,0.005,0.2777777777777778,10001,9727,0.9726027397260274
10,5,18,7,2,3,0,10,11,5,18,3,5,0.005,0.2777777777777778,10001,9755,0.9754024597540246
10,5,18,7,2,3,0,7,14,5,18,2,0,0.005,0.1111111111111111,10001,9517,0.9516048395160484
10,5,18,7,2,3,0,7,14,5,18,2,1,0.005,0.1111111111111111,10001,9481,0.948005199480052
10,5,18,7,2,3,0,7,14,5,18,3,0,0.005,0.1111111111111111,10001,9485,0.9484051594840516
10,5,18,7,2,3,0,7,14,5,18,3,3,0.005,0.1111111111111111,10001,9511,0.951004899510049
10,5,18,7,3,2,0,1,11,5,18,2,4,0.005,0.2777777777777778,10001,9748,0.9747025297470253
10,5,18,7,3,2,0,1,11,5,18,2,5,0.005,0.3333333333333333,10001,9548,0.9547045295470453
10,5,18,7,3,2,0,1,11,5,18,3,4,0.005,0.2777777777777778,10001,9762,0.9761023897610239
10,5,18,7,3,2,0,1,11,5,18,3,5,0.005,0.3333333333333333,10001,9566,0.9565043495650435
10,5,18,7,3,2,0,1,17,5,18,2,4,0.005,0.3888888888888889,10001,9617,0.9616038396160383
10,5,18,7,3,2,0,1,17,5,18,2,5,0.005,0.4444444444444444,10001,9535,0.9534046595340466
10,5,18,7,3,2,0,1,17,5,18,3,4,0.005,0.3888888888888889,10001,9615,0.9614038596140386
10,5,18,7,3,2,0,1,2,5,18,2,0,0.005,0.4444444444444444,10001,9496,0.9495050494950505
10,5,18,7,3,2,0,1,2,5,18,2,1,0.005,0.3888888888888889,10001,9674,0.9673032696730327
10,5,18,7,3,2,0,1,2,5,18,3,0,0.005,0.4444444444444444,10001,9539,0.9538046195380462
10,5,18,7,3,2,0,1,2,5,18,3,1,0.005,0.3888888888888889,10001,9633,0.9632036796320368
10,5,18,7,3,2,0,7,11,5,18,2,1,0.005,0.1111111111111111,10001,9516,0.9515048495150485
10,5,18,7,3,2,0,7,11,5,18,2,4,0.005,0.1111111111111111,10001,9525,0.9524047595240476
10,5,18,7,3,2,0,7,11,5,18,3,1,0.005,0.1111111111111111,10001,9505,0.9504049595040496
10,5,18,7,3,2,0,7,11,5,18,3,4,0.005,0.1111111111111111,10001,9496,0.9495050494950505
10,5,18,7,3,2,0,8,13,5,18,2,2,0.005,0.3333333333333333,10001,9649,0.9648035196480352
10,5,18,7,3,2,0,8,13,5,18,2,3,0.005,0.2777777777777778,10001,9738,0.9737026297370263
10,5,18,7,3,2,0,8,13,5,18,2,4,0.005,0.3333333333333333,10001,9663,0.9662033796620338
10,5,18,7,3,2,0,8,13,5,18,2,5,0.005,0.3888888888888889,10001,9474,0.9473052694730527
10,5,18,7,3,2,0,8,13,5,18,3,2,0.005,0.3333333333333333,10001,9715,0.9714028597140286
10,5,18,7,3,2,0,8,13,5,18,3,3,0.005,0.2777777777777778,10001,9759,0.9758024197580242
10,5,18,7,3,2,0,8,13,5,18,3,4,0.005,0.3333333333333333,10001,9659,0.9658034196580342
10,5,18,7,4,1,0,13,5,5,18,2,0,0.005,0.2777777777777778,10001,9742,0.9741025897410259
10,5,18,7,4,1,0,13,5,5,18,2,1,0.005,0.3333333333333333,10001,9697,0.9696030396960303
10,5,18,7,4,1,0,13,5,5,18,2,4,0.005,0.3888888888888889,10001,9402,0.9401059894010599
10,5,18,7,4,1,0,13,5,5,18,2,5,0.005,0.3333333333333333,10001,9679,0.9678032196780322
10,5,18,7,4,1,0,13,5,5,18,3,0,0.005,0.2777777777777778,10001,9735,0.9734026597340266
10,5,18,7,4,1,0,13,5,5,18,3,1,0.005,0.3333333333333333,10001,9660,0.9659034096590341
10,5,18,7,4,1,0,13,5,5,18,3,5,0.005,0.3333333333333333,10001,9663,0.9662033796620338
10,5,18,7,4,1,0,13,8,5,18,2,0,0.005,0.3333333333333333,10001,9654,0.9653034696530347
10,5,18,7,4,1,0,13,8,5,18,2,2,0.005,0.2777777777777778,10001,9766,0.9765023497650235
10,5,18,7,4,1,0,13,8,5,18,2,3,0.005,0.3333333333333333,10001,9682,0.9681031896810319
10,5,18,7,4,1,0,13,8,5,18,3,0,0.005,0.3333333333333333,10001,9681,0.968003199680032
10,5,18,7,4,1,0,13,8,5,18,3,1,0.005,0.3888888888888889,10001,9470,0.946905309469053
10,5,18,7,4,1,0,13,8,5,18,3,2,0.005,0.2777777777777778,10001,9749,0.9748025197480252
10,5,18,7,4,1,0,13,8,5,18,3,3,0.005,0.3333333333333333,10001,9659,0.9658034196580342
10,5,18,7,4,1,0,4,17,5,18,2,4,0.005,0.3888888888888889,10001,9444,0.9443055694430557
10,5,18,7,4,1,0,4,17,5,18,3,4,0.005,0.3888888888888889,10001,9415,0.9414058594140586
10,5,18,8,1,4,0,13,8,5,18,2,0,0.005,0.16666666666666666,10001,9721,0.972002799720028
10,5,18,8,1,4,0,13,8,5,18,2,1,0.005,0.1111111111111111,10001,9780,0.9779022097790221
10,5,18,8,1,4,0,13,8,5,18,2,3,0.005,0.16666666666666666,10001,9728,0.9727027297270273
10,5,18,8,1,4,0,13,8,5,18,3,0,0.005,0.16666666666666666,10001,9706,0.9705029497050295
10,5,18,8,1,4,0,13,8,5,18,3,1,0.005,0.1111111111111111,10001,9774,0.9773022697730227
10,5,18,8,1,4,0,13,8,5,18,3,3,0.005,0.16666666666666666,10001,9687,0.9686031396860314
10,5,18,8,1,4,0,5,7,5,18,2,0,0.005,0.3333333333333333,10001,9715,0.9714028597140286
10,5,18,8,1,4,0,5,7,5,18,2,1,0.005,0.3888888888888889,10001,9462,0.9461053894610539
10,5,18,8,1,4,0,5,7,5,18,3,0,0.005,0.3333333333333333,10001,9703,0.9702029797020298
10,5,18,8,1,4,0,8,7,5,18,2,4,0.005,0.2777777777777778,10001,9643,0.9642035796420358
10,5,18,8,1,4,0,8,7,5,18,3,4,0.005,0.2777777777777778,10001,9619,0.9618038196180382
10,5,18,8,1,4,0,8,7,5,18,3,5,0.005,0.2777777777777778,10001,9621,0.962003799620038
10,5,18,8,2,3,0,17,10,5,18,2,2,0.005,0.2777777777777778,10001,9626,0.9625037496250375
10,5,18,8,2,3,0,17,10,5,18,2,3,0.005,0.2777777777777778,10001,9614,0.9613038696130387
10,5,18,8,2,3,0,17,10,5,18,3,2,0.005,0.2777777777777778,10001,9589,0.9588041195880412
10,5,18,8,2,3,0,17,10,5,18,3,3,0.005,0.2777777777777778,10001,9622,0.9621037896210379
10,5,18,8,2,3,0,2,13,5,18,2,5,0.005,0.3333333333333333,10001,9700,0.9699030096990301
10,5,18,8,2,3,0,2,13,5,18,3,4,0.005,0.3888888888888889,10001,9511,0.951004899510049
10,5,18,8,2,3,0,2,13,5,18,3,5,0.005,0.3333333333333333,10001,9672,0.9671032896710329
10,5,18,8,3,2,0,10,5,5,18,2,2,0.005,0.16666666666666666,10001,9709,0.9708029197080292
10,5,18,8,3,2,0,10,5,5,18,2,3,0.005,0.1111111111111111,10001,9786,0.9785021497850215
10,5,18,8,3,2,0,10,5,5,18,2,4,0.005,0.16666666666666666,10001,9689,0.9688031196880312
10,5,18,8,3,2,0,10,5,5,18,3,2,0.005,0.16666666666666666,10001,9692,0.9691030896910309
10,5,18,8,3,2,0,10,5,5,18,3,3,0.005,0.1111111111111111,10001,9768,0.9767023297670233
10,5,18,8,3,2,0,10,5,5,18,3,4,0.005,0.16666666666666666,10001,9711,0.971002899710029
10,5,18,8,3,2,0,13,5,5,18,2,1,0.005,0.16666666666666666,10001,9670,0.9669033096690332
10,5,18,8,3,2,0,13,5,5,18,2,4,0.005,0.1111111111111111,10001,9752,0.9751024897510249
10,5,18,8,3,2,0,13,5,5,18,2,5,0.005,0.16666666666666666,10001,9714,0.9713028697130287
10,5,18,8,3,2,0,13,5,5,18,3,1,0.005,0.16666666666666666,10001,9700,0.9699030096990301
10,5,18,8,3,2,0,13,5,5,18,3,4,0.005,0.1111111111111111,10001,9754,0.9753024697530247
10,5,18,8,3,2,0,13,5,5,18,3,5,0.005,0.16666666666666666,10001,9713,0.9712028797120288
10,5,18,8,3,2,0,17,10,5,18,2,2,0.005,0.2777777777777778,10001,9604,0.9603039696030397
10,5,18,8,3,2,0,17,10,5,18,2,3,0.005,0.2777777777777778,10001,9600,0.9599040095990401
10,5,18,8,3,2,0,17,10,5,18,3,2,0.005,0.2777777777777778,10001,9661,0.966003399660034
10,5,18,8,3,2,0,17,10,5,18,3,3,0.005,0.2777777777777778,10001,9637,0.9636036396360363
