t,m,ell,a1,a2,a3,b1,b2,b3,emb_m,emb_ell,aa,bb,p_phys,p_mask,no_test,no_success,p_log,d,k,adv
10,6,30,1,0,5,3,29,4,6,30,2,0,0.005,0.1666666666666666,11002,10665,0.969369205598982,18,8,0.5260163514849562
10,6,30,1,0,5,3,29,4,6,30,2,1,0.005,0.1666666666666666,11002,10677,0.9704599163788402,18,8,0.5204978183965898
10,6,30,1,0,5,3,29,4,6,30,3,0,0.005,0.1666666666666666,11002,10626,0.9658243955644428,18,8,0.5219167884323747
10,6,30,1,0,5,3,29,4,6,30,3,1,0.005,0.1666666666666666,11002,10605,0.963915651699691,18,8,0.516181647277047
10,6,30,1,2,3,3,2,25,30,6,0,4,0.005,0.2,10001,9476,0.9475052494750524,24,8,0.4819509150645393
10,6,30,1,2,3,3,2,25,30,6,1,5,0.005,0.2,10001,9471,0.947005299470053,24,8,0.48560605324087086
10,6,30,1,2,3,3,26,25,6,30,2,2,0.005,0.1666666666666666,10001,9677,0.9676032396760323,18,8,0.5219167884323747
10,6,30,1,2,3,3,26,25,6,30,2,3,0.005,0.1666666666666666,10001,9659,0.9658034196580342,18,8,0.516181647277047
10,6,30,1,2,3,3,26,25,6,30,3,2,0.005,0.1666666666666666,10001,9670,0.9669033096690332,18,8,0.5260163514849562
10,6,30,1,2,3,3,26,25,6,30,3,3,0.005,0.1666666666666666,10001,9682,0.968103189681032,18,8,0.5204978183965898
10,6,30,1,3,2,3,2,1,6,30,2,2,0.005,0.0666666666666666,10001,9627,0.9626037396260374,8,8,0.6874549275985918
10,6,30,1,3,2,3,2,1,6,30,2,4,0.005,0.0666666666666666,10001,9600,0.95990400959904,8,8,0.661121200186621
10,6,30,1,3,2,3,2,1,6,30,2,5,0.005,0.0666666666666666,10001,9588,0.9587041295870412,8,8,0.6609259511630587
10,6,30,1,3,2,3,2,1,6,30,3,2,0.005,0.0666666666666666,10001,9587,0.9586041395860414,8,8,0.6693623021015831
10,6,30,1,3,2,3,2,1,6,30,3,4,0.005,0.0666666666666666,10001,9558,0.9557044295570444,8,8,0.6599667185170153
10,6,30,1,3,2,3,2,1,6,30,3,5,0.005,0.0666666666666666,10001,9588,0.9587041295870412,8,8,0.6594497626821125
10,6,30,1,3,4,5,6,29,6,30,2,4,0.005,0.2333333333333333,10001,9578,0.9577042295770424,24,8,0.4928246862939499
10,6,30,1,3,4,5,6,29,6,30,2,5,0.005,0.2333333333333333,10001,9591,0.959004099590041,24,8,0.48590264928363236
10,6,30,1,3,4,5,6,29,6,30,3,4,0.005,0.2333333333333333,10001,9599,0.9598040195980402,24,8,0.48675135350389326
10,6,30,1,3,4,5,6,29,6,30,3,5,0.005,0.2333333333333333,10001,9549,0.9548045195480452,24,8,0.47988876142791626
10,6,30,11,0,5,1,22,3,6,30,2,3,0.005,0.1,10001,9604,0.9603039696030397,10,8,0.5539450161233233
10,6,30,11,0,5,1,22,3,6,30,3,3,0.005,0.1,10001,9578,0.9577042295770424,10,8,0.5795573440394245
10,6,30,11,1,0,1,6,11,30,6,1,2,0.005,0.2,10001,9455,0.9454054594540546,10,8,0.49241941285800067
10,6,30,11,1,0,1,6,11,6,30,2,4,0.005,0.2,10001,9446,0.9445055494450556,10,8,0.4939389251536844
10,6,30,11,1,0,3,14,19,6,30,2,4,0.005,0.1666666666666666,10001,9682,0.968103189681032,18,8,0.5219167884323734
10,6,30,11,1,0,3,14,19,6,30,2,5,0.005,0.1666666666666666,10001,9686,0.9685031496850316,18,8,0.5161816472770457
10,6,30,11,1,0,3,14,19,6,30,3,4,0.005,0.1666666666666666,10001,9688,0.9687031296870312,18,8,0.5260163514849554
10,6,30,11,1,0,3,14,19,6,30,3,5,0.005,0.1666666666666666,10001,9722,0.972102789721028,18,8,0.520497818396589
10,6,30,11,5,0,3,8,19,6,30,2,2,0.005,0.0666666666666666,10001,9572,0.9571042895710428,8,8,0.6599667185170153
10,6,30,11,5,0,3,8,19,6,30,2,3,0.005,0.0666666666666666,10001,9572,0.9571042895710428,8,8,0.6594497626821124
10,6,30,11,5,0,3,8,19,6,30,2,4,0.005,0.0666666666666666,10001,9599,0.9598040195980402,8,8,0.6693623021015829
10,6,30,11,5,0,3,8,19,6,30,3,2,0.005,0.0666666666666666,10001,9541,0.954004599540046,8,8,0.6611212001866209
10,6,30,11,5,0,3,8,19,6,30,3,3,0.005,0.0666666666666666,10001,9599,0.9598040195980402,8,8,0.6609259511630586
10,6,30,11,5,0,3,8,19,6,30,3,4,0.005,0.0666666666666666,10001,9535,0.9534046595340466,8,8,0.6874549275985918
10,6,30,12,2,1,3,17,25,30,6,4,4,0.005,0.2,10001,9550,0.954904509549045,12,8,0.5115838976235246
10,6,30,12,2,1,3,17,25,30,6,4,5,0.005,0.2,10001,9516,0.9515048495150484,12,8,0.5096740310196173
10,6,30,12,2,1,3,17,25,6,30,3,1,0.005,0.2,10001,9489,0.9488051194880512,12,8,0.5115838976235247
10,6,30,12,2,1,3,25,26,30,6,4,0,0.005,0.1666666666666666,10001,9556,0.9555044495550444,20,8,0.49308031357343457
10,6,30,12,2,1,3,25,26,30,6,4,1,0.005,0.1666666666666666,10001,9550,0.954904509549045,20,8,0.49273162795560527
10,6,30,12,2,1,3,25,26,30,6,5,0,0.005,0.1666666666666666,10001,9566,0.9565043495650436,20,8,0.4948282657348156
10,6,30,12,4,5,0,5,7,30,6,4,0,0.005,0.2,10001,9501,0.95000499950005,12,8,0.5115838976235245
10,6,30,12,4,5,0,5,7,30,6,4,1,0.005,0.2,10001,9494,0.9493050694930508,12,8,0.5096740310196173
10,6,30,13,0,5,3,22,17,6,30,2,4,0.005,0.1666666666666666,10001,9681,0.968003199680032,18,8,0.5260163514849555
10,6,30,13,0,5,3,22,17,6,30,2,5,0.005,0.1666666666666666,10001,9691,0.969003099690031,18,8,0.5204978183965892
10,6,30,13,0,5,3,22,17,6,30,3,4,0.005,0.1666666666666666,10001,9657,0.9656034396560343,18,8,0.5219167884323734
10,6,30,13,0,5,3,22,17,6,30,3,5,0.005,0.1666666666666666,10001,9676,0.9675032496750324,18,8,0.5161816472770457
10,6,30,17,1,0,5,9,22,6,30,2,2,0.005,0.1333333333333333,10001,9573,0.9572042795720428,14,8,0.5283420153524477
10,6,30,17,1,0,5,9,22,6,30,2,3,0.005,0.1333333333333333,10001,9568,0.9567043295670432,14,8,0.5241064025536231
10,6,30,17,1,0,5,9,22,6,30,3,2,0.005,0.1333333333333333,10001,9529,0.9528047195280472,14,8,0.5108008778145899
10,6,30,17,1,0,5,9,22,6,30,3,3,0.005,0.1333333333333333,10001,9530,0.952904709529047,14,8,0.5062435552434137
10,6,30,17,3,2,1,18,13,6,30,2,4,0.005,0.2,10001,9645,0.9644035596440356,18,8,0.530606500561325
10,6,30,17,3,2,1,18,13,6,30,3,4,0.005,0.2,10001,9621,0.962003799620038,18,8,0.5309558786412142
10,6,30,17,3,2,3,5,22,6,30,2,2,0.005,0.1666666666666666,10001,9685,0.9684031596840316,18,8,0.5204978183965888
10,6,30,17,3,2,3,5,22,6,30,2,3,0.005,0.1666666666666666,10001,9672,0.9671032896710328,18,8,0.5260163514849553
10,6,30,17,3,2,3,5,22,6,30,3,2,0.005,0.1666666666666666,10001,9666,0.9665033496650336,18,8,0.5161816472770455
10,6,30,17,3,2,3,5,22,6,30,3,3,0.005,0.1666666666666666,10001,9602,0.96010398960104,18,8,0.5219167884323733
10,6,30,17,3,4,3,22,5,6,30,2,2,0.005,0.1666666666666666,10001,9681,0.968003199680032,18,8,0.5260163514849553
10,6,30,17,3,4,3,22,5,6,30,2,3,0.005,0.1666666666666666,10001,9695,0.9694030596940306,18,8,0.5204978183965888
10,6,30,17,3,4,3,22,5,6,30,3,2,0.005,0.1666666666666666,10001,9684,0.9683031696830317,18,8,0.5219167884323733
10,6,30,17,3,4,3,22,5,6,30,3,3,0.005,0.1666666666666666,10001,9684,0.9683031696830317,18,8,0.5161816472770455
10,6,30,17,4,3,3,4,17,6,30,2,2,0.005,0.0666666666666666,10001,9553,0.9552044795520448,8,8,0.6693623021015829
10,6,30,17,4,3,3,4,17,6,30,2,4,0.005,0.0666666666666666,10001,9613,0.9612038796120388,8,8,0.6599667185170157
10,6,30,17,4,3,3,4,17,6,30,2,5,0.005,0.0666666666666666,10001,9590,0.958904109589041,8,8,0.6594497626821129
10,6,30,17,4,3,3,4,17,6,30,3,2,0.005,0.0666666666666666,10001,9584,0.9583041695830417,8,8,0.6874549275985918
10,6,30,17,4,3,3,4,17,6,30,3,4,0.005,0.0666666666666666,10001,9599,0.9598040195980402,8,8,0.6611212001866211
10,6,30,17,4,3,3,4,17,6,30,3,5,0.005,0.0666666666666666,10001,9618,0.9617038296170384,8,8,0.6609259511630589
10,6,30,18,2,1,0,13,5,30,6,4,4,0.005,0.2,10001,9507,0.9506049395060494,12,8,0.5115838976235245
10,6,30,18,2,1,0,13,5,30,6,4,5,0.005,0.2,10001,9534,0.9533046695330468,12,8,0.5096740310196173
10,6,30,18,5,4,3,13,17,6,30,2,4,0.005,0.2,10001,9621,0.962003799620038,14,8,0.513291843190709
10,6,30,18,5,4,3,13,17,6,30,2,5,0.005,0.2333333333333333,10001,9590,0.958904109589041,14,8,0.46579171490418314
10,6,30,18,5,4,3,13,17,6,30,3,4,0.005,0.2,10001,9638,0.9637036296370364,14,8,0.5116635612157228
10,6,30,18,5,4,3,13,17,6,30,3,5,0.005,0.2333333333333333,10001,9572,0.9571042895710428,14,8,0.46419866143410177
10,6,30,19,2,3,1,24,11,6,30,2,4,0.005,0.2333333333333333,10001,9591,0.959004099590041,24,8,0.4867513535038938
10,6,30,19,2,3,1,24,11,6,30,2,5,0.005,0.2333333333333333,10001,9599,0.9598040195980402,24,8,0.4798887614279168
10,6,30,19,2,3,1,24,11,6,30,3,4,0.005,0.2333333333333333,10001,9561,0.956004399560044,24,8,0.4928246862939503
10,6,30,19,2,3,1,24,11,6,30,3,5,0.005,0.2333333333333333,10001,9595,0.9594040595940406,24,8,0.48590264928363286
10,6,30,21,1,2,0,17,4,6,30,2,0,0.005,0.1333333333333333,10001,9721,0.972002799720028,12,8,0.5016022900611332
10,6,30,21,1,2,0,17,4,6,30,2,1,0.005,0.1,10001,9780,0.977902209779022,12,8,0.581277394888562
10,6,30,21,1,2,0,17,4,6,30,2,3,0.005,0.1333333333333333,10001,9709,0.9708029197080292,12,8,0.5467545669744187
10,6,30,21,1,2,0,17,4,6,30,3,0,0.005,0.1333333333333333,10001,9695,0.9694030596940306,12,8,0.5005973453059414
10,6,30,21,1,2,0,17,4,6,30,3,1,0.005,0.1,10001,9775,0.9774022597740226,12,8,0.5802248404212437
10,6,30,21,1,2,0,17,4,6,30,3,3,0.005,0.1333333333333333,10001,9703,0.9702029797020298,12,8,0.5440919730908229
10,6,30,21,1,2,3,1,5,30,6,4,4,0.005,0.2,10001,9538,0.9537046295370464,12,8,0.5117565164045235
10,6,30,21,1,2,3,1,5,30,6,4,5,0.005,0.2,10001,9513,0.9512048795120488,12,8,0.5106521894310339
10,6,30,21,1,2,3,1,5,30,6,5,5,0.005,0.2333333333333333,10001,9391,0.939006099390061,12,8,0.45961285256864004
10,6,30,21,1,2,5,6,25,30,6,4,4,0.005,0.1666666666666666,10001,9653,0.9652034796520348,18,8,0.5260163514849553
10,6,30,21,1,2,5,6,25,30,6,4,5,0.005,0.1666666666666666,10001,9630,0.962903709629037,18,8,0.5219167884323733
10,6,30,21,1,2,5,6,25,30,6,5,4,0.005,0.1666666666666666,10001,9629,0.9628037196280372,18,8,0.5204978183965888
10,6,30,21,1,2,5,6,25,30,6,5,5,0.005,0.1666666666666666,10001,9633,0.9632036796320368,18,8,0.5161816472770457
10,6,30,21,2,1,5,18,25,6,30,2,2,0.005,0.2,10001,9515,0.9514048595140486,24,8,0.4854600916696323
10,6,30,21,2,1,5,18,25,6,30,2,3,0.005,0.2,10001,9532,0.9531046895310468,24,8,0.48560605324087114
10,6,30,21,2,1,5,18,25,6,30,3,2,0.005,0.2,10001,9555,0.9554044595540446,24,8,0.48195091506453946
10,6,30,21,2,1,5,18,25,6,30,3,3,0.005,0.2,10001,9544,0.9543045695430457,24,8,0.48203222446529087
10,6,30,21,4,5,0,19,14,30,6,4,2,0.005,0.2,10001,9538,0.9537046295370464,12,8,0.5117565164045234
10,6,30,21,4,5,0,19,14,30,6,4,3,0.005,0.2,10001,9538,0.9537046295370464,12,8,0.5106521894310339
10,6,30,21,4,5,3,23,7,6,30,2,0,0.005,0.1,10001,9795,0.9794020597940206,12,8,0.5812773948885623
10,6,30,21,4,5,3,23,7,6,30,2,1,0.005,0.1333333333333333,10001,9697,0.9696030396960305,12,8,0.5016022900611334
10,6,30,21,4,5,3,23,7,6,30,2,5,0.005,0.1333333333333333,10001,9672,0.9671032896710328,12,8,0.5467545669744186
10,6,30,21,4,5,3,23,7,6,30,3,0,0.005,0.1,10001,9744,0.9743025697430256,12,8,0.5802248404212436
10,6,30,21,4,5,3,23,7,6,30,3,1,0.005,0.1333333333333333,10001,9677,0.9676032396760323,12,8,0.5005973453059417
10,6,30,21,4,5,3,23,7,6,30,3,5,0.005,0.1333333333333333,10001,9671,0.967003299670033,12,8,0.5440919730908227
10,6,30,21,4,5,3,5,7,6,30,2,4,0.005,0.1666666666666666,10001,9624,0.9623037696230377,20,8,0.49448673860851866
10,6,30,21,4,5,3,5,7,6,30,2,5,0.005,0.1666666666666666,10001,9603,0.9602039796020398,20,8,0.4927316279556056
10,6,30,21,4,5,3,5,7,6,30,3,4,0.005,0.1666666666666666,10001,9572,0.9571042895710428,20,8,0.49482826573481575
10,6,30,21,4,5,3,5,7,6,30,3,5,0.005,0.1666666666666666,10001,9601,0.96000399960004,20,8,0.4930803135734349
10,6,30,21,5,4,1,23,0,6,30,2,0,0.005,0.1,10001,9770,0.9769023097690231,12,8,0.5866734987548206
10,6,30,21,5,4,1,23,0,6,30,2,1,0.005,0.1333333333333333,10001,9704,0.9703029697030296,12,8,0.5079415340778429
10,6,30,21,5,4,1,23,0,6,30,2,2,0.005,0.1333333333333333,10001,9759,0.9758024197580242,12,8,0.5107099559145101
10,6,30,21,5,4,1,23,0,6,30,2,3,0.005,0.1,10001,9779,0.9778022197780222,12,8,0.5896056370689641
10,6,30,21,5,4,1,23,0,6,30,3,0,0.005,0.1,10001,9776,0.9775022497750224,12,8,0.5896056370689642
10,6,30,21,5,4,1,23,0,6,30,3,1,0.005,0.1333333333333333,10001,9729,0.9728027197280272,12,8,0.51070995591451
10,6,30,21,5,4,1,23,0,6,30,3,2,0.005,0.1333333333333333,10001,9729,0.9728027197280272,12,8,0.5079415340778428
10,6,30,21,5,4,1,23,0,6,30,3,3,0.005,0.1,10001,9757,0.9756024397560245,12,8,0.5866734987548207
10,6,30,21,5,4,3,8,13,6,30,2,4,0.005,0.1666666666666666,10001,9545,0.9544045595440456,20,12,0.5108737010583895
10,6,30,21,5,4,3,8,13,6,30,2,5,0.005,0.1666666666666666,10001,9589,0.9588041195880412,20,12,0.5127122292644739
10,6,30,21,5,4,3,8,13,6,30,3,4,0.005,0.1666666666666666,10001,9594,0.9593040695930408,20,12,0.5107509996534645
10,6,30,21,5,4,3,8,13,6,30,3,5,0.005,0.1666666666666666,10001,9613,0.9612038796120388,20,12,0.5124141893092747
10,6,30,23,1,0,5,28,21,6,30,2,2,0.005,0.1333333333333333,10001,9570,0.956904309569043,14,8,0.524106402553623
10,6,30,23,1,0,5,28,21,6,30,2,3,0.005,0.1333333333333333,10001,9616,0.9615038496150384,14,8,0.5283420153524477
10,6,30,23,1,0,5,28,21,6,30,3,2,0.005,0.1333333333333333,10001,9574,0.9573042695730428,14,8,0.5062435552434137
10,6,30,23,1,0,5,28,21,6,30,3,3,0.005,0.1333333333333333,10001,9584,0.9583041695830417,14,8,0.5108008778145898
10,6,30,23,2,3,3,5,28,6,30,2,2,0.005,0.1666666666666666,10001,9707,0.9706029397060294,18,8,0.5161816472770457
10,6,30,23,2,3,3,5,28,6,30,2,3,0.005,0.1666666666666666,10001,9662,0.966103389661034,18,8,0.5219167884323735
10,6,30,23,2,3,3,5,28,6,30,3,2,0.005,0.1666666666666666,10001,9669,0.9668033196680332,18,8,0.5204978183965889
10,6,30,23,2,3,3,5,28,6,30,3,3,0.005,0.1666666666666666,10001,9656,0.9655034496550344,18,8,0.5260163514849554
10,6,30,23,3,4,5,25,18,6,30,2,3,0.005,0.2,10001,9671,0.967003299670033,20,8,0.5309558786412142
10,6,30,23,3,4,5,25,18,6,30,3,3,0.005,0.2,10001,9643,0.9642035796420358,18,8,0.530606500561325
10,6,30,24,1,2,0,14,25,30,6,0,4,0.005,0.2,10001,9519,0.9518048195180482,12,8,0.5096740310196173
10,6,30,24,1,2,0,19,5,30,6,0,4,0.005,0.2,10001,9516,0.9515048495150484,12,8,0.5115838976235245
10,6,30,24,1,2,0,19,5,30,6,0,5,0.005,0.2,10001,9519,0.9518048195180482,12,8,0.5096740310196173
10,6,30,24,1,2,3,28,23,30,6,0,2,0.005,0.1666666666666666,10001,9564,0.9563043695630437,22,8,0.4930803135734345
10,6,30,24,1,2,3,28,23,30,6,0,3,0.005,0.1666666666666666,10001,9564,0.9563043695630437,22,8,0.4927316279556052
10,6,30,24,1,2,3,28,23,30,6,1,2,0.005,0.1666666666666666,10001,9581,0.958004199580042,20,8,0.4948282657348155
10,6,30,24,1,2,3,28,23,30,6,1,3,0.005,0.1666666666666666,10001,9590,0.958904109589041,22,8,0.4944867386085185
10,6,30,24,4,5,3,19,11,6,30,2,4,0.005,0.2,10001,9599,0.9598040195980402,14,8,0.5116635612157228
10,6,30,24,4,5,3,19,11,6,30,2,5,0.005,0.2333333333333333,10001,9533,0.9532046795320468,14,8,0.4641986614341018
10,6,30,24,4,5,3,19,11,6,30,3,4,0.005,0.2,10001,9634,0.9633036696330368,14,8,0.5132918431907089
10,6,30,24,4,5,3,19,11,6,30,3,5,0.005,0.2333333333333333,10001,9523,0.952204779522048,14,8,0.4657917149041832
10,6,30,24,4,5,3,26,1,6,30,2,4,0.005,0.2,10001,9493,0.9492050794920508,12,8,0.5106521894310347
10,6,30,24,4,5,3,26,1,6,30,3,4,0.005,0.2,10001,9462,0.946105389461054,12,8,0.511756516404524
10,6,30,25,0,1,0,8,17,6,30,2,5,0.005,0.1666666666666666,10001,9578,0.9577042295770424,16,8,0.5142877894295346
10,6,30,25,0,1,0,8,17,6,30,3,5,0.005,0.1666666666666666,10001,9552,0.9551044895510448,16,8,0.5102488622562747
10,6,30,25,0,1,2,11,14,6,30,2,1,0.005,0.1666666666666666,10001,9571,0.957004299570043,16,8,0.5316766375564591
10,6,30,25,0,1,2,11,14,6,30,3,0,0.005,0.2,10001,9458,0.9457054294570544,16,8,0.47420303446893186
10,6,30,25,0,1,2,11,14,6,30,3,1,0.005,0.1666666666666666,10001,9584,0.9583041695830417,16,8,0.531088684310092
10,6,30,25,0,1,2,16,23,6,30,2,2,0.005,0.2,10001,9611,0.961003899610039,18,8,0.5188177383587708
10,6,30,25,0,1,2,16,23,6,30,2,4,0.005,0.2,10001,9593,0.9592040795920408,20,8,0.4793899471701899
10,6,30,25,0,1,2,16,23,6,30,2,5,0.005,0.1666666666666666,10001,9719,0.9718028197180282,18,8,0.5334438942753046
10,6,30,25,0,1,2,16,23,6,30,3,2,0.005,0.2,10001,9605,0.9604039596040396,18,8,0.514547692821557
10,6,30,25,0,1,2,16,23,6,30,3,4,0.005,0.2,10001,9563,0.9562043795620438,18,8,0.4787438520691356
10,6,30,25,0,1,2,16,23,6,30,3,5,0.005,0.1666666666666666,10001,9709,0.9708029197080292,20,8,0.5328360472744397
10,6,30,25,0,1,3,18,29,6,30,4,2,0.005,0.1666666666666666,10001,9561,0.956004399560044,18,8,0.5163382945943723
10,6,30,25,0,1,3,18,29,6,30,5,2,0.005,0.1666666666666666,10001,9572,0.9571042895710428,18,8,0.5130932999509803
10,6,30,25,0,5,0,7,28,6,30,4,1,0.005,0.1666666666666666,10001,9579,0.9578042195780422,16,8,0.5142877894295346
10,6,30,25,0,5,0,7,28,6,30,5,1,0.005,0.1666666666666666,10001,9624,0.9623037696230377,16,8,0.5102488622562745
10,6,30,25,0,5,1,11,22,6,30,2,0,0.005,0.2,10001,9566,0.9565043495650436,18,8,0.4575023193033377
10,6,30,25,0,5,1,11,22,6,30,2,1,0.005,0.1666666666666666,10001,9717,0.9716028397160285,18,8,0.511528889023408
10,6,30,25,0,5,1,11,22,6,30,2,3,0.005,0.2,10001,9608,0.9607039296070392,20,8,0.5009909009246659
10,6,30,25,0,5,1,11,22,6,30,3,0,0.005,0.2,10001,9572,0.9571042895710428,18,8,0.46739534488587225
10,6,30,25,0,5,1,11,22,6,30,3,1,0.005,0.1666666666666666,10001,9677,0.9676032396760323,18,8,0.5215000730946311
10,6,30,25,0,5,1,11,22,6,30,3,3,0.005,0.2,10001,9602,0.96010398960104,18,8,0.510227426051814
10,6,30,25,0,5,1,2,3,6,30,2,2,0.005,0.1666666666666666,10001,9637,0.9636036396360363,18,8,0.5115989498283814
10,6,30,25,0,5,1,2,3,6,30,3,2,0.005,0.1666666666666666,10001,9650,0.9649035096490352,18,8,0.5154144198233265
10,6,30,25,0,5,1,2,3,6,30,4,2,0.005,0.2,10001,9534,0.9533046695330468,18,8,0.4568878800216572
10,6,30,25,0,5,1,2,3,6,30,4,3,0.005,0.1666666666666666,10001,9618,0.9617038296170384,22,8,0.5115989498283807
10,6,30,25,0,5,1,2,3,6,30,5,2,0.005,0.2,10001,9518,0.9517048295170484,22,8,0.4606062536668589
10,6,30,25,0,5,1,2,3,6,30,5,3,0.005,0.1666666666666666,10001,9623,0.9622037796220378,18,8,0.5154144198233264
10,6,30,25,0,5,4,23,2,6,30,2,1,0.005,0.1666666666666666,10001,9565,0.9564043595640436,16,8,0.5316766375564592
10,6,30,25,0,5,4,23,2,6,30,3,1,0.005,0.1666666666666666,10001,9548,0.9547045295470452,16,8,0.531088684310092
10,6,30,25,0,5,5,13,26,6,30,2,0,0.005,0.2,10001,9572,0.9571042895710428,18,8,0.5102274260518141
10,6,30,25,0,5,5,13,26,6,30,2,2,0.005,0.1666666666666666,10001,9706,0.9705029497050296,18,8,0.5215000730946311
10,6,30,25,0,5,5,13,26,6,30,2,3,0.005,0.2,10001,9617,0.9616038396160383,20,8,0.4673953448858725
10,6,30,25,0,5,5,13,26,6,30,3,0,0.005,0.2,10001,9593,0.9592040795920408,18,8,0.500990900924666
10,6,30,25,0,5,5,13,26,6,30,3,2,0.005,0.1666666666666666,10001,9671,0.967003299670033,20,8,0.511528889023408
10,6,30,25,0,5,5,13,26,6,30,3,3,0.005,0.2,10001,9595,0.9594040595940406,18,8,0.45750231930333796
10,6,30,25,0,5,5,19,8,6,30,1,1,0.005,0.2333333333333333,10001,9453,0.9452054794520548,18,8,0.47738291288752766
10,6,30,25,0,5,5,19,8,6,30,2,0,0.005,0.2,10001,9566,0.9565043495650436,18,8,0.5102274260518139
10,6,30,25,0,5,5,19,8,6,30,2,2,0.005,0.1666666666666666,10001,9692,0.9691030896910308,20,8,0.5215000730946313
10,6,30,25,0,5,5,19,8,6,30,2,3,0.005,0.2,10001,9576,0.9575042495750424,18,8,0.46739534488587214
10,6,30,25,0,5,5,19,8,6,30,3,0,0.005,0.2,10001,9614,0.9613038696130388,18,8,0.5009909009246659
10,6,30,25,0,5,5,19,8,6,30,3,2,0.005,0.1666666666666666,10001,9717,0.9716028397160285,18,8,0.5115288890234081
10,6,30,25,0,5,5,19,8,6,30,3,3,0.005,0.2,10001,9596,0.9595040495950404,18,8,0.4575023193033377
10,6,30,25,0,5,5,28,11,6,30,0,0,0.005,0.2333333333333333,10001,9396,0.9395060493950604,18,8,0.4746191636454375
10,6,30,25,0,5,5,6,17,6,30,4,0,0.005,0.2,10001,9569,0.9568043195680432,18,8,0.510227426051814
10,6,30,25,0,5,5,6,17,6,30,4,2,0.005,0.1666666666666666,10001,9697,0.9696030396960305,20,8,0.5215000730946311
10,6,30,25,0,5,5,6,17,6,30,4,3,0.005,0.2,10001,9587,0.9586041395860414,18,8,0.4673953448858722
10,6,30,25,0,5,5,6,17,6,30,5,0,0.005,0.2,10001,9572,0.9571042895710428,20,8,0.5009909009246659
10,6,30,25,0,5,5,6,17,6,30,5,2,0.005,0.1666666666666666,10001,9683,0.9682031796820318,18,8,0.5115288890234079
10,6,30,25,0,5,5,6,17,6,30,5,3,0.005,0.2,10001,9569,0.9568043195680432,18,8,0.4575023193033376
10,6,30,25,1,0,0,8,17,6,30,2,5,0.005,0.1666666666666666,10001,9591,0.959004099590041,16,8,0.5102488622562747
10,6,30,25,1,0,0,8,17,6,30,3,4,0.005,0.2,10001,9504,0.9503049695030495,16,8,0.45750842194339836
10,6,30,25,1,0,0,8,17,6,30,3,5,0.005,0.1666666666666666,10001,9573,0.9572042795720428,16,8,0.5142877894295346
10,6,30,25,1,0,1,24,8,6,30,5,0,0.005,0.2333333333333333,10001,9369,0.9368063193680632,18,8,0.48565505875265746
10,6,30,25,1,0,1,6,17,6,30,0,0,0.005,0.2,10001,9559,0.9558044195580442,18,8,0.510227426051814
10,6,30,25,1,0,1,6,17,6,30,0,2,0.005,0.1666666666666666,10001,9705,0.9704029597040296,18,8,0.521500073094631
10,6,30,25,1,0,1,6,17,6,30,0,3,0.005,0.2,10001,9567,0.9566043395660434,20,8,0.46739534488587225
10,6,30,25,1,0,1,6,17,6,30,1,0,0.005,0.2,10001,9578,0.9577042295770424,18,8,0.5009909009246659
10,6,30,25,1,0,1,6,17,6,30,1,2,0.005,0.1666666666666666,10001,9718,0.9717028297170284,18,8,0.5115288890234079
10,6,30,25,1,0,1,6,17,6,30,4,0,0.005,0.2333333333333333,10001,9452,0.9451054894510548,20,8,0.48146185979141054
10,6,30,25,1,0,1,6,17,6,30,5,1,0.005,0.2333333333333333,10001,9443,0.9442055794420556,18,8,0.4713248337343941
10,6,30,25,1,0,2,29,28,6,30,2,0,0.005,0.2,10001,9553,0.9552044795520448,20,8,0.47874385206913606
10,6,30,25,1,0,2,29,28,6,30,2,1,0.005,0.1666666666666666,10001,9689,0.9688031196880312,18,8,0.53283604727444
10,6,30,25,1,0,2,29,28,6,30,2,3,0.005,0.2,10001,9585,0.9584041595840416,18,8,0.5145476928215565
10,6,30,25,1,0,2,29,28,6,30,3,0,0.005,0.2,10001,9591,0.959004099590041,18,8,0.47938994717019107
10,6,30,25,1,0,2,29,28,6,30,3,1,0.005,0.1666666666666666,10001,9657,0.9656034396560343,18,8,0.5334438942753056
10,6,30,25,1,0,2,29,28,6,30,3,3,0.005,0.2,10001,9589,0.9588041195880412,18,8,0.5188177383587704
10,6,30,25,1,0,2,9,28,6,30,0,0,0.005,0.2,10001,9622,0.962103789621038,18,8,0.47938994717018973
10,6,30,25,1,0,2,9,28,6,30,0,1,0.005,0.1666666666666666,10001,9722,0.972102789721028,18,8,0.5334438942753046
10,6,30,25,1,0,2,9,28,6,30,0,3,0.005,0.2,10001,9609,0.9608039196080392,18,8,0.5188177383587705
10,6,30,25,1,0,2,9,28,6,30,1,0,0.005,0.2,10001,9599,0.9598040195980402,18,8,0.47874385206913544
10,6,30,25,1,0,2,9,28,6,30,1,1,0.005,0.1666666666666666,10001,9712,0.9711028897110288,18,8,0.5328360472744395
10,6,30,25,1,0,2,9,28,6,30,1,3,0.005,0.2,10001,9626,0.9625037496250376,20,8,0.5145476928215568
10,6,30,25,1,0,4,7,14,6,30,2,0,0.005,0.2,10001,9607,0.9606039396060394,18,8,0.4988545214559235
10,6,30,25,1,0,4,7,14,6,30,2,2,0.005,0.1666666666666666,10001,9704,0.9703029697030296,18,8,0.5195817964658447
10,6,30,25,1,0,4,7,14,6,30,2,3,0.005,0.2,10001,9590,0.958904109589041,18,8,0.46549510687106477
10,6,30,25,1,0,4,7,14,6,30,3,0,0.005,0.2,10001,9583,0.9582041795820418,20,8,0.5092927132947986
10,6,30,25,1,0,4,7,14,6,30,3,2,0.005,0.1666666666666666,10001,9703,0.9702029797020298,20,8,0.5198211569244413
10,6,30,25,1,0,4,7,14,6,30,3,3,0.005,0.2,10001,9552,0.9551044895510448,20,8,0.46576883970650795
10,6,30,25,1,2,1,18,7,6,30,2,5,0.005,0.2333333333333333,10001,9437,0.9436056394360564,18,8,0.4751827453970698
10,6,30,25,1,2,1,18,7,6,30,3,4,0.005,0.2333333333333333,10001,9474,0.9473052694730528,18,8,0.4773829128875275
10,6,30,25,1,2,1,18,7,6,30,4,0,0.005,0.1666666666666666,10001,9709,0.9708029197080292,18,8,0.5115288890234079
10,6,30,25,1,2,1,18,7,6,30,4,1,0.005,0.2,10001,9548,0.9547045295470452,18,8,0.4575023193033377
10,6,30,25,1,2,1,18,7,6,30,4,5,0.005,0.2,10001,9591,0.959004099590041,18,8,0.5009909009246659
10,6,30,25,1,2,1,18,7,6,30,5,0,0.005,0.1666666666666666,10001,9687,0.9686031396860314,20,8,0.5215000730946308
10,6,30,25,1,2,1,18,7,6,30,5,1,0.005,0.2,10001,9568,0.9567043295670432,18,8,0.46739534488587203
10,6,30,25,1,2,1,18,7,6,30,5,5,0.005,0.2,10001,9586,0.9585041495850416,18,8,0.5102274260518139
10,6,30,25,1,2,1,27,28,6,30,0,2,0.005,0.1666666666666666,10001,9609,0.9608039196080392,18,8,0.5209190532999382
10,6,30,25,1,2,1,27,28,6,30,1,2,0.005,0.1666666666666666,10001,9603,0.9602039796020398,20,8,0.5227606560142346
10,6,30,25,1,2,1,27,28,6,30,1,3,0.005,0.2,10001,9532,0.9531046895310468,18,8,0.46791870864426066
10,6,30,25,1,2,1,27,28,6,30,4,0,0.005,0.1666666666666666,10001,9737,0.9736026397360265,20,8,0.5329305802281147
10,6,30,25,1,2,1,27,28,6,30,4,1,0.005,0.2,10001,9575,0.9574042595740426,18,8,0.4788236045167312
10,6,30,25,1,2,1,27,28,6,30,4,5,0.005,0.2,10001,9594,0.9593040695930408,18,8,0.5173203917050274
10,6,30,25,1,2,1,27,28,6,30,5,0,0.005,0.1666666666666666,10001,9691,0.969003099690031,20,8,0.5326081454752168
10,6,30,25,1,2,1,27,28,6,30,5,1,0.005,0.2,10001,9608,0.9607039296070392,18,8,0.4785393535673581
10,6,30,25,1,2,1,27,28,6,30,5,5,0.005,0.2,10001,9612,0.9611038896110388,18,8,0.5153211547145218
10,6,30,25,1,2,5,11,14,6,30,2,1,0.005,0.1666666666666666,10001,9578,0.9577042295770424,20,8,0.5163382945943724
10,6,30,25,1,2,5,11,14,6,30,3,1,0.005,0.1666666666666666,10001,9590,0.958904109589041,18,8,0.5130932999509804
10,6,30,25,2,1,1,1,9,6,30,0,1,0.005,0.2,10001,9611,0.961003899610039,18,8,0.5188177383587708
10,6,30,25,2,1,1,1,9,6,30,0,4,0.005,0.1666666666666666,10001,9692,0.9691030896910308,18,8,0.5334438942753047
10,6,30,25,2,1,1,1,9,6,30,0,5,0.005,0.2,10001,9589,0.9588041195880412,18,8,0.4793899471701899
10,6,30,25,2,1,1,1,9,6,30,1,1,0.005,0.2,10001,9564,0.9563043695630437,20,8,0.5145476928215569
10,6,30,25,2,1,1,1,9,6,30,1,4,0.005,0.1666666666666666,10001,9716,0.9715028497150284,18,8,0.5328360472744397
10,6,30,25,2,1,1,1,9,6,30,1,5,0.005,0.2,10001,9622,0.962103789621038,18,8,0.47874385206913567
10,6,30,25,2,1,1,8,17,6,30,2,4,0.005,0.2,10001,9532,0.9531046895310468,18,8,0.476742863351717
10,6,30,25,2,1,1,8,17,6,30,2,5,0.005,0.1666666666666666,10001,9600,0.95990400959904,18,8,0.5334369552867635
10,6,30,25,2,1,1,8,17,6,30,3,4,0.005,0.2,10001,9481,0.948005199480052,22,8,0.47462935775844217
10,6,30,25,2,1,1,8,17,6,30,3,5,0.005,0.1666666666666666,10001,9589,0.9588041195880412,22,8,0.5312249511574924
10,6,30,25,2,1,4,14,11,6,30,2,4,0.005,0.2,10001,9483,0.9482051794820516,16,8,0.457508421943398
10,6,30,25,2,1,4,14,11,6,30,2,5,0.005,0.1666666666666666,10001,9575,0.9574042595740426,16,8,0.5142877894295348
10,6,30,25,2,1,4,14,11,6,30,3,4,0.005,0.2,10001,9533,0.9532046795320468,16,8,0.45360113029001903
10,6,30,25,2,1,4,14,11,6,30,3,5,0.005,0.1666666666666666,10001,9602,0.96010398960104,16,8,0.5102488622562749
10,6,30,25,2,1,4,27,18,6,30,4,1,0.005,0.1666666666666666,10001,9568,0.9567043295670432,16,8,0.531676637556459
10,6,30,25,2,1,4,27,18,6,30,5,1,0.005,0.1666666666666666,10001,9593,0.9592040795920408,16,8,0.5310886843100919
10,6,30,25,2,1,5,14,11,6,30,2,4,0.005,0.2,10001,9476,0.9475052494750524,18,8,0.4563635061125507
10,6,30,25,2,1,5,14,11,6,30,2,5,0.005,0.1666666666666666,10001,9565,0.9564043595640436,20,8,0.5130932999509804
10,6,30,25,2,1,5,14,11,6,30,3,5,0.005,0.1666666666666666,10001,9602,0.96010398960104,18,8,0.5163382945943724
10,6,30,25,2,1,5,2,3,6,30,0,0,0.005,0.1666666666666666,10001,9723,0.9722027797220278,20,8,0.5326081454752168
10,6,30,25,2,1,5,2,3,6,30,0,1,0.005,0.2,10001,9589,0.9588041195880412,18,8,0.478539353567358
10,6,30,25,2,1,5,2,3,6,30,0,5,0.005,0.2,10001,9593,0.9592040795920408,18,8,0.5153211547145212
10,6,30,25,2,1,5,2,3,6,30,1,0,0.005,0.1666666666666666,10001,9712,0.9711028897110288,20,8,0.5329305802281143
10,6,30,25,2,1,5,2,3,6,30,1,1,0.005,0.2,10001,9599,0.9598040195980402,18,8,0.47882360451673106
10,6,30,25,2,1,5,2,3,6,30,1,5,0.005,0.2,10001,9607,0.9606039396060394,18,8,0.5173203917050274
10,6,30,25,2,1,5,2,3,6,30,2,2,0.005,0.1666666666666666,10001,9602,0.96010398960104,18,8,0.5209190532999376
10,6,30,25,2,1,5,2,3,6,30,2,3,0.005,0.2,10001,9535,0.9534046595340466,18,8,0.46616951875683726
10,6,30,25,2,1,5,2,3,6,30,3,2,0.005,0.1666666666666666,10001,9586,0.9585041495850416,20,8,0.5227606560142346
10,6,30,25,2,1,5,2,3,6,30,3,3,0.005,0.2,10001,9501,0.95000499950005,18,8,0.4679187086442605
10,6,30,25,2,3,1,27,4,6,30,4,4,0.005,0.1666666666666666,10001,9641,0.964003599640036,18,8,0.5259256060841777
10,6,30,25,2,3,1,27,4,6,30,4,5,0.005,0.2,10001,9513,0.9512048795120488,18,8,0.4710206643659421
10,6,30,25,2,3,1,27,4,6,30,5,4,0.005,0.1666666666666666,10001,9622,0.962103789621038,18,8,0.520447920392175
10,6,30,25,2,3,3,1,26,6,30,2,0,0.005,0.1666666666666666,10001,9552,0.9551044895510448,18,8,0.533756335420629
10,6,30,25,2,3,3,1,26,6,30,2,1,0.005,0.2,10001,9426,0.9425057494250576,20,8,0.4737394792100606
10,6,30,25,2,3,3,14,18,6,30,0,0,0.005,0.1666666666666666,10001,9540,0.953904609539046,16,8,0.5310886843100919
10,6,30,25,2,3,3,14,18,6,30,1,0,0.005,0.1666666666666666,10001,9570,0.956904309569043,16,8,0.5316766375564591
10,6,30,25,2,3,3,14,18,6,30,1,1,0.005,0.2,10001,9469,0.9468053194680532,16,8,0.4747712070949727
10,6,30,25,2,3,3,19,3,6,30,2,0,0.005,0.1666666666666666,10001,9601,0.96000399960004,16,8,0.5102488622562749
10,6,30,25,2,3,3,19,3,6,30,2,1,0.005,0.2,10001,9469,0.9468053194680532,16,8,0.45360113029001903
10,6,30,25,2,3,3,19,3,6,30,3,0,0.005,0.1666666666666666,10001,9600,0.95990400959904,16,8,0.5142877894295347
10,6,30,25,2,3,3,19,3,6,30,3,1,0.005,0.2,10001,9503,0.9502049795020496,16,8,0.457508421943398
10,6,30,25,2,3,3,26,12,6,30,0,0,0.005,0.1666666666666666,10001,9588,0.9587041295870412,16,8,0.531088684310092
10,6,30,25,2,3,3,26,12,6,30,0,1,0.005,0.2,10001,9482,0.948105189481052,16,8,0.47420303446893186
10,6,30,25,2,3,3,26,12,6,30,1,0,0.005,0.1666666666666666,10001,9600,0.95990400959904,16,8,0.5316766375564592
10,6,30,25,2,3,3,28,21,6,30,2,2,0.005,0.2,10001,9484,0.9483051694830515,18,8,0.474629357758442
10,6,30,25,2,3,3,28,21,6,30,2,3,0.005,0.1666666666666666,10001,9633,0.9632036796320368,20,8,0.5312249511574922
10,6,30,25,2,3,4,11,22,6,30,2,0,0.005,0.2,10001,9585,0.9584041595840416,20,8,0.46576883970650784
10,6,30,25,2,3,4,11,22,6,30,2,1,0.005,0.1666666666666666,10001,9701,0.97000299970003,18,8,0.5198211569244415
10,6,30,25,2,3,4,11,22,6,30,2,3,0.005,0.2,10001,9589,0.9588041195880412,18,8,0.5092927132947986
10,6,30,25,2,3,4,11,22,6,30,3,1,0.005,0.1666666666666666,10001,9694,0.9693030696930308,18,8,0.5195817964658448
10,6,30,25,2,3,4,11,22,6,30,3,3,0.005,0.2,10001,9593,0.9592040795920408,20,8,0.49885452145592346
10,6,30,25,2,3,4,14,13,6,30,4,4,0.005,0.1666666666666666,10001,9650,0.9649035096490352,20,8,0.5257993443862011
10,6,30,25,2,3,4,14,13,6,30,4,5,0.005,0.2,10001,9536,0.9535046495350464,18,8,0.4709859551738709
10,6,30,25,2,3,4,14,13,6,30,5,4,0.005,0.1666666666666666,10001,9653,0.9652034796520348,18,8,0.5228895078313229
10,6,30,25,2,3,4,24,13,6,30,3,2,0.005,0.2333333333333333,10001,9433,0.9432056794320568,18,8,0.4816783558829002
10,6,30,25,2,3,4,24,13,6,30,4,4,0.005,0.1666666666666666,10001,9663,0.9662033796620338,22,8,0.5205872063287431
10,6,30,25,2,3,4,24,13,6,30,4,5,0.005,0.2,10001,9516,0.9515048495150484,18,8,0.46571617508669566
10,6,30,25,2,3,4,24,13,6,30,5,4,0.005,0.1666666666666666,10001,9632,0.9631036896310368,18,8,0.5231439124044589
10,6,30,25,2,3,4,4,17,6,30,2,2,0.005,0.2,10001,9602,0.96010398960104,18,8,0.5092927132947987
10,6,30,25,2,3,4,4,17,6,30,2,4,0.005,0.2,10001,9623,0.9622037796220378,18,8,0.4657688397065081
10,6,30,25,2,3,4,4,17,6,30,2,5,0.005,0.1666666666666666,10001,9699,0.9698030196980302,20,8,0.5198211569244414
10,6,30,25,2,3,4,4,17,6,30,3,2,0.005,0.2,10001,9588,0.9587041295870412,18,8,0.4988545214559237
10,6,30,25,2,3,4,4,17,6,30,3,4,0.005,0.2,10001,9561,0.956004399560044,18,8,0.46549510687106493
10,6,30,25,2,3,4,4,17,6,30,3,5,0.005,0.1666666666666666,10001,9696,0.9695030496950304,18,8,0.5195817964658447
10,6,30,25,2,3,5,13,26,6,30,0,4,0.005,0.2,10001,9566,0.9565043495650436,20,8,0.4679187086442605
10,6,30,25,2,3,5,13,26,6,30,0,5,0.005,0.1666666666666666,10001,9617,0.9616038396160383,18,8,0.5227606560142345
10,6,30,25,2,3,5,13,26,6,30,1,4,0.005,0.2,10001,9519,0.9518048195180482,20,8,0.4661695187568372
10,6,30,25,2,3,5,13,26,6,30,1,5,0.005,0.1666666666666666,10001,9598,0.9597040295970404,18,8,0.5209190532999376
10,6,30,25,2,3,5,13,26,6,30,2,0,0.005,0.2,10001,9539,0.9538046195380462,18,8,0.5173203917050274
10,6,30,25,2,3,5,13,26,6,30,2,2,0.005,0.1666666666666666,10001,9689,0.9688031196880312,18,8,0.5329305802281146
10,6,30,25,2,3,5,13,26,6,30,2,3,0.005,0.2,10001,9590,0.958904109589041,18,8,0.4788236045167315
10,6,30,25,2,3,5,13,26,6,30,3,0,0.005,0.2,10001,9618,0.9617038296170384,20,8,0.5153211547145217
10,6,30,25,2,3,5,13,26,6,30,3,2,0.005,0.1666666666666666,10001,9700,0.96990300969903,20,8,0.5326081454752168
10,6,30,25,2,3,5,13,26,6,30,3,3,0.005,0.2,10001,9585,0.9584041595840416,18,8,0.4785393535673584
10,6,30,25,2,3,5,27,18,6,30,4,4,0.005,0.2,10001,9488,0.9487051294870512,18,8,0.4563635061125505
10,6,30,25,2,3,5,27,18,6,30,4,5,0.005,0.1666666666666666,10001,9587,0.9586041395860414,22,8,0.5130932999509801
10,6,30,25,2,3,5,27,18,6,30,5,5,0.005,0.1666666666666666,10001,9586,0.9585041495850416,18,8,0.5163382945943722
10,6,30,25,3,2,1,29,26,6,30,2,1,0.005,0.1666666666666666,10001,9571,0.957004299570043,18,8,0.5312249511574939
10,6,30,25,3,2,1,29,26,6,30,3,0,0.005,0.2,10001,9504,0.9503049695030495,18,8,0.47674286335171817
10,6,30,25,3,2,1,29,26,6,30,3,1,0.005,0.1666666666666666,10001,9601,0.96000399960004,18,8,0.5334369552867645
10,6,30,25,3,2,2,19,8,6,30,2,0,0.005,0.2,10001,9619,0.9618038196180382,18,8,0.5145476928215567
10,6,30,25,3,2,2,19,8,6,30,2,2,0.005,0.1666666666666666,10001,9696,0.9695030496950304,18,8,0.5328360472744397
10,6,30,25,3,2,2,19,8,6,30,2,3,0.005,0.2,10001,9613,0.9612038796120388,18,8,0.4787438520691356
10,6,30,25,3,2,2,19,8,6,30,3,0,0.005,0.2,10001,9621,0.962003799620038,18,8,0.5188177383587704
10,6,30,25,3,2,2,19,8,6,30,3,2,0.005,0.1666666666666666,10001,9747,0.9746025397460254,18,8,0.5334438942753048
10,6,30,25,3,2,2,19,8,6,30,3,3,0.005,0.2,10001,9569,0.9568043195680432,18,8,0.47938994717018985
10,6,30,25,3,2,2,21,24,6,30,0,1,0.005,0.1666666666666666,10001,9571,0.957004299570043,16,8,0.5316766375564592
10,6,30,25,3,2,3,7,8,6,30,4,1,0.005,0.2,10001,9581,0.958004199580042,18,8,0.51879464581652
10,6,30,25,3,2,3,7,8,6,30,4,4,0.005,0.1666666666666666,10001,9698,0.9697030296970304,18,8,0.5361679425905548
10,6,30,25,3,2,3,7,8,6,30,4,5,0.005,0.2,10001,9656,0.9655034496550344,20,8,0.4821278676569221
10,6,30,25,3,2,3,7,8,6,30,5,1,0.005,0.2,10001,9625,0.9624037596240376,20,8,0.5182598244714433
10,6,30,25,3,2,3,7,8,6,30,5,4,0.005,0.1666666666666666,10001,9697,0.9696030396960305,18,8,0.5336154396565572
10,6,30,25,3,2,3,7,8,6,30,5,5,0.005,0.2,10001,9596,0.9595040495950404,18,8,0.4796265828895413
10,6,30,25,3,2,5,13,11,6,30,4,4,0.005,0.2,10001,9519,0.9518048195180482,18,8,0.47098595517387054
10,6,30,25,3,2,5,13,11,6,30,4,5,0.005,0.1666666666666666,10001,9645,0.9644035596440356,18,8,0.5257993443862006
10,6,30,25,3,2,5,13,11,6,30,5,4,0.005,0.2,10001,9495,0.9494050594940506,18,8,0.4681592969624828
10,6,30,25,3,2,5,13,11,6,30,5,5,0.005,0.1666666666666666,10001,9632,0.9631036896310368,22,8,0.522889507831323
10,6,30,25,3,2,5,16,27,6,30,2,2,0.005,0.2,10001,9462,0.946105389461054,18,8,0.47428430213567213
10,6,30,25,3,2,5,16,27,6,30,2,3,0.005,0.1666666666666666,10001,9615,0.9614038596140386,18,8,0.5310384108880198
10,6,30,25,3,2,5,16,27,6,30,3,2,0.005,0.2,10001,9456,0.9455054494550544,20,8,0.47454559990731426
10,6,30,25,3,2,5,16,27,6,30,3,3,0.005,0.1666666666666666,10001,9615,0.9614038596140386,20,8,0.5313732896707833
10,6,30,25,3,2,5,2,16,6,30,4,1,0.005,0.1666666666666666,10001,9607,0.9606039396060394,22,8,0.5231439124044592
10,6,30,25,3,2,5,2,16,6,30,5,1,0.005,0.1666666666666666,10001,9605,0.9604039596040396,18,8,0.5205872063287431
10,6,30,25,3,4,0,29,26,6,30,2,0,0.005,0.2,10001,9495,0.9494050594940506,16,8,0.4742030344689332
10,6,30,25,3,4,0,29,26,6,30,2,1,0.005,0.1666666666666666,10001,9597,0.9596040395960403,16,8,0.5310886843100932
10,6,30,25,3,4,0,29,26,6,30,3,0,0.005,0.2,10001,9459,0.9458054194580542,16,8,0.4747712070949742
10,6,30,25,3,4,0,29,26,6,30,3,1,0.005,0.1666666666666666,10001,9610,0.960903909609039,16,8,0.5316766375564604
10,6,30,25,3,4,1,19,8,6,30,2,0,0.005,0.2,10001,9598,0.9597040295970404,20,8,0.5153211547145213
10,6,30,25,3,4,1,19,8,6,30,2,2,0.005,0.1666666666666666,10001,9695,0.9694030596940306,18,8,0.5326081454752168
10,6,30,25,3,4,1,19,8,6,30,2,3,0.005,0.2,10001,9591,0.959004099590041,18,8,0.47853935356735805
10,6,30,25,3,4,1,19,8,6,30,3,0,0.005,0.2,10001,9598,0.9597040295970404,18,8,0.5173203917050275
10,6,30,25,3,4,1,19,8,6,30,3,2,0.005,0.1666666666666666,10001,9720,0.971902809719028,18,8,0.5329305802281146
10,6,30,25,3,4,1,19,8,6,30,3,3,0.005,0.2,10001,9594,0.9593040695930408,18,8,0.4788236045167311
10,6,30,25,3,4,1,19,8,6,30,4,4,0.005,0.2,10001,9521,0.952004799520048,18,8,0.4679187086442607
10,6,30,25,3,4,1,19,8,6,30,4,5,0.005,0.1666666666666666,10001,9633,0.9632036796320368,20,8,0.5227606560142346
10,6,30,25,3,4,1,19,8,6,30,5,4,0.005,0.2,10001,9511,0.951004899510049,18,8,0.4661695187568374
10,6,30,25,3,4,1,19,8,6,30,5,5,0.005,0.1666666666666666,10001,9623,0.9622037796220378,18,8,0.5209190532999378
10,6,30,25,3,4,3,9,7,6,30,2,4,0.005,0.1666666666666666,10001,9559,0.9558044195580442,16,8,0.5142877894295343
10,6,30,25,3,4,3,9,7,6,30,3,4,0.005,0.1666666666666666,10001,9552,0.9551044895510448,16,8,0.5102488622562745
10,6,30,25,3,4,3,9,7,6,30,3,5,0.005,0.2,10001,9502,0.95010498950105,16,8,0.45360113029001914
10,6,30,25,3,4,5,18,29,6,30,0,0,0.005,0.1666666666666666,10001,9628,0.9627037296270372,18,8,0.515414419823326
10,6,30,25,3,4,5,18,29,6,30,1,0,0.005,0.1666666666666666,10001,9650,0.9649035096490352,18,8,0.5115989498283804
10,6,30,25,3,4,5,18,29,6,30,4,1,0.005,0.1666666666666666,10001,9627,0.9626037396260374,18,8,0.515414419823326
10,6,30,25,3,4,5,18,29,6,30,5,0,0.005,0.2,10001,9533,0.9532046795320468,18,8,0.4568878800216569
10,6,30,25,3,4,5,18,29,6,30,5,1,0.005,0.1666666666666666,10001,9659,0.9658034196580342,18,8,0.5115989498283804
10,6,30,25,4,3,1,23,9,6,30,2,1,0.005,0.1666666666666666,10001,9667,0.9666033396660334,18,8,0.5228895078313236
10,6,30,25,4,3,1,23,9,6,30,3,0,0.005,0.2,10001,9527,0.9526047395260474,18,8,0.4709859551738709
10,6,30,25,4,3,1,23,9,6,30,3,1,0.005,0.1666666666666666,10001,9645,0.9644035596440356,18,8,0.5257993443862012
10,6,30,25,4,3,3,1,20,6,30,0,1,0.005,0.1666666666666666,10001,9564,0.9563043695630437,18,8,0.5368445553502247
10,6,30,25,4,3,3,1,20,6,30,1,1,0.005,0.1666666666666666,10001,9574,0.9573042695730428,18,8,0.53375633542063
10,6,30,25,4,3,3,8,19,6,30,2,2,0.005,0.2,10001,9605,0.9604039596040396,18,8,0.47962658288954124
10,6,30,25,4,3,3,8,19,6,30,2,3,0.005,0.1666666666666666,10001,9683,0.9682031796820318,18,8,0.5336154396565573
10,6,30,25,4,3,3,8,19,6,30,2,4,0.005,0.2,10001,9595,0.9594040595940406,18,8,0.5182598244714429
10,6,30,25,4,3,3,8,19,6,30,3,2,0.005,0.2,10001,9559,0.9558044195580442,18,8,0.48212786765692206
10,6,30,25,4,3,3,8,19,6,30,3,3,0.005,0.1666666666666666,10001,9678,0.9677032296770324,20,8,0.5361679425905548
10,6,30,25,4,3,3,8,19,6,30,3,4,0.005,0.2,10001,9597,0.9596040395960403,18,8,0.5187946458165198
10,6,30,25,4,3,4,8,19,6,30,2,2,0.005,0.2,10001,9611,0.961003899610039,18,8,0.4793899471701898
10,6,30,25,4,3,4,8,19,6,30,2,3,0.005,0.1666666666666666,10001,9709,0.9708029197080292,18,8,0.5334438942753048
10,6,30,25,4,3,4,8,19,6,30,2,4,0.005,0.2,10001,9570,0.956904309569043,18,8,0.5188177383587704
10,6,30,25,4,3,4,8,19,6,30,3,2,0.005,0.2,10001,9617,0.9616038396160383,18,8,0.4787438520691356
10,6,30,25,4,3,4,8,19,6,30,3,3,0.005,0.1666666666666666,10001,9704,0.9703029697030296,18,8,0.5328360472744398
10,6,30,25,4,3,4,8,19,6,30,3,4,0.005,0.2,10001,9577,0.9576042395760423,18,8,0.5145476928215567
10,6,30,25,4,5,2,21,24,6,30,4,0,0.005,0.2,10001,9470,0.946905309469053,16,8,0.4747712070949729
10,6,30,25,4,5,2,21,24,6,30,4,1,0.005,0.1666666666666666,10001,9566,0.9565043495650436,16,8,0.5316766375564591
10,6,30,25,4,5,2,21,24,6,30,5,0,0.005,0.2,10001,9459,0.9458054194580542,16,8,0.47420303446893197
10,6,30,25,4,5,2,21,24,6,30,5,1,0.005,0.1666666666666666,10001,9572,0.9571042895710428,16,8,0.5310886843100919
10,6,30,25,4,5,5,7,3,6,30,0,1,0.005,0.2,10001,9585,0.9584041595840416,18,8,0.5188177383587707
10,6,30,25,4,5,5,7,3,6,30,0,4,0.005,0.1666666666666666,10001,9736,0.9735026497350264,20,8,0.5334438942753049
10,6,30,25,4,5,5,7,3,6,30,0,5,0.005,0.2,10001,9575,0.9574042595740426,18,8,0.47938994717019007
10,6,30,25,4,5,5,7,3,6,30,1,1,0.005,0.2,10001,9605,0.9604039596040396,18,8,0.5145476928215569
10,6,30,25,4,5,5,7,3,6,30,1,4,0.005,0.1666666666666666,10001,9701,0.97000299970003,18,8,0.53283604727444
10,6,30,25,4,5,5,7,3,6,30,1,5,0.005,0.2,10001,9601,0.96000399960004,18,8,0.4787438520691359
10,6,30,25,5,0,3,27,1,6,30,2,4,0.005,0.1666666666666666,10001,9596,0.9595040495950404,16,8,0.5316766375564603
10,6,30,25,5,0,3,27,1,6,30,2,5,0.005,0.2,10001,9514,0.9513048695130488,16,8,0.4747712070949744
10,6,30,25,5,0,3,27,1,6,30,3,5,0.005,0.2,10001,9445,0.9444055594440556,16,8,0.47420303446893325
10,6,30,25,5,0,3,8,6,6,30,0,0,0.005,0.1666666666666666,10001,9563,0.9562043795620438,16,8,0.531088684310092
10,6,30,25,5,0,3,8,6,6,30,0,1,0.005,0.2,10001,9530,0.952904709529047,16,8,0.47420303446893175
10,6,30,25,5,0,3,8,6,6,30,1,0,0.005,0.1666666666666666,10001,9581,0.958004199580042,16,8,0.5316766375564591
10,6,30,25,5,0,4,16,23,6,30,2,2,0.005,0.2,10001,9620,0.961903809619038,18,8,0.514547692821557
10,6,30,25,5,0,4,16,23,6,30,2,4,0.005,0.2,10001,9610,0.960903909609039,18,8,0.47874385206913544
10,6,30,25,5,0,4,16,23,6,30,2,5,0.005,0.1666666666666666,10001,9706,0.9705029497050296,20,8,0.5328360472744397
10,6,30,25,5,0,4,16,23,6,30,3,2,0.005,0.2,10001,9636,0.9635036496350364,18,8,0.5188177383587708
10,6,30,25,5,0,4,16,23,6,30,3,5,0.005,0.1666666666666666,10001,9738,0.9737026297370264,18,8,0.5334438942753047
10,6,30,25,5,0,5,12,25,6,30,0,0,0.005,0.1666666666666666,10001,9659,0.9658034196580342,10,8,0.5234267764194387
10,6,30,25,5,0,5,12,25,6,30,0,1,0.005,0.2,10001,9619,0.9618038196180382,10,8,0.469006758050278
10,6,30,25,5,0,5,12,25,6,30,0,2,0.005,0.2,10001,9572,0.9571042895710428,10,8,0.48018804543158433
10,6,30,25,5,0,5,12,25,6,30,1,0,0.005,0.1666666666666666,10001,9610,0.960903909609039,10,8,0.5345078075167898
10,6,30,25,5,0,5,12,25,6,30,1,1,0.005,0.2,10001,9624,0.9623037696230377,10,8,0.480188045431584
10,6,30,25,5,0,5,12,25,6,30,1,2,0.005,0.2,10001,9629,0.9628037196280372,10,8,0.46900675805027814
10,6,30,25,5,0,5,12,25,6,30,1,3,0.005,0.1666666666666666,10001,9610,0.960903909609039,10,8,0.5234267764194385
10,6,30,25,5,0,5,13,0,6,30,2,0,0.005,0.1666666666666666,10001,9626,0.9625037496250376,10,8,0.5345078075167901
10,6,30,25,5,0,5,13,0,6,30,2,1,0.005,0.2,10001,9612,0.9611038896110388,10,8,0.48018804543158444
10,6,30,25,5,0,5,13,0,6,30,2,2,0.005,0.2,10001,9614,0.9613038696130388,10,8,0.4690067580502783
10,6,30,25,5,0,5,13,0,6,30,2,3,0.005,0.1666666666666666,10001,9668,0.9667033296670332,10,8,0.5234267764194387
10,6,30,25,5,0,5,13,0,6,30,3,0,0.005,0.1666666666666666,10001,9623,0.9622037796220378,10,8,0.5234267764194387
10,6,30,25,5,0,5,13,0,6,30,3,1,0.005,0.2,10001,9610,0.960903909609039,10,8,0.4690067580502783
10,6,30,25,5,0,5,13,0,6,30,3,2,0.005,0.2,10001,9592,0.9591040895910408,10,8,0.4801880454315845
10,6,30,25,5,0,5,13,0,6,30,3,3,0.005,0.1666666666666666,10001,9638,0.9637036296370364,10,8,0.5345078075167901
10,6,30,25,5,0,5,6,1,6,30,4,0,0.005,0.2,10001,9608,0.9607039296070392,10,8,0.4690067580502781
10,6,30,25,5,0,5,6,1,6,30,4,1,0.005,0.1666666666666666,10001,9687,0.9686031396860314,10,8,0.5234267764194387
10,6,30,25,5,0,5,6,1,6,30,4,4,0.005,0.2,10001,9610,0.960903909609039,10,8,0.4801880454315846
10,6,30,25,5,0,5,6,1,6,30,4,5,0.005,0.1666666666666666,10001,9649,0.9648035196480352,10,8,0.5345078075167904
10,6,30,25,5,0,5,6,1,6,30,5,0,0.005,0.2,10001,9616,0.9615038496150384,10,8,0.480188045431584
10,6,30,25,5,0,5,6,1,6,30,5,1,0.005,0.1666666666666666,10001,9703,0.9702029797020298,10,8,0.5345078075167898
10,6,30,25,5,0,5,6,1,6,30,5,4,0.005,0.2,10001,9620,0.961903809619038,10,8,0.4690067580502784
10,6,30,25,5,0,5,6,1,6,30,5,5,0.005,0.1666666666666666,10001,9645,0.9644035596440356,10,8,0.5234267764194389
10,6,30,25,5,0,5,7,12,6,30,4,0,0.005,0.2,10001,9671,0.967003299670033,10,8,0.4801880454315841
10,6,30,25,5,0,5,7,12,6,30,4,1,0.005,0.1666666666666666,10001,9634,0.9633036696330368,10,8,0.53450780751679
10,6,30,25,5,0,5,7,12,6,30,4,4,0.005,0.2,10001,9647,0.9646035396460354,10,8,0.4690067580502781
10,6,30,25,5,0,5,7,12,6,30,4,5,0.005,0.1666666666666666,10001,9656,0.9655034496550344,10,8,0.5234267764194387
10,6,30,25,5,0,5,7,12,6,30,5,0,0.005,0.2,10001,9595,0.9594040595940406,10,8,0.4690067580502781
10,6,30,25,5,0,5,7,12,6,30,5,1,0.005,0.1666666666666666,10001,9673,0.9672032796720328,10,8,0.5234267764194384
10,6,30,25,5,0,5,7,12,6,30,5,4,0.005,0.2,10001,9596,0.9595040495950404,10,8,0.48018804543158394
10,6,30,25,5,0,5,7,12,6,30,5,5,0.005,0.1666666666666666,10001,9637,0.9636036396360363,10,8,0.5345078075167898
10,6,30,25,5,4,1,19,11,6,30,2,0,0.005,0.1666666666666666,10001,9711,0.971002899710029,20,8,0.5334438942753048
10,6,30,25,5,4,1,19,11,6,30,2,1,0.005,0.2,10001,9583,0.9582041795820418,18,8,0.47938994717018985
10,6,30,25,5,4,1,19,11,6,30,2,5,0.005,0.2,10001,9606,0.9605039496050396,20,8,0.5188177383587704
10,6,30,25,5,4,1,19,11,6,30,3,0,0.005,0.1666666666666666,10001,9730,0.9729027097290271,18,8,0.5328360472744398
10,6,30,25,5,4,1,19,11,6,30,3,1,0.005,0.2,10001,9592,0.9591040895910408,18,8,0.4787438520691356
10,6,30,25,5,4,1,19,11,6,30,3,5,0.005,0.2,10001,9608,0.9607039296070392,20,8,0.5145476928215567
10,6,30,25,5,4,1,6,29,6,30,4,1,0.005,0.2,10001,9630,0.962903709629037,20,8,0.5102274260518141
10,6,30,25,5,4,1,6,29,6,30,4,4,0.005,0.1666666666666666,10001,9684,0.9683031696830317,18,8,0.5215000730946316
10,6,30,25,5,4,1,6,29,6,30,5,1,0.005,0.2,10001,9583,0.9582041795820418,18,8,0.5009909009246659
10,6,30,25,5,4,1,6,29,6,30,5,4,0.005,0.1666666666666666,10001,9708,0.9707029297070292,20,8,0.5115288890234083
10,6,30,25,5,4,1,6,29,6,30,5,5,0.005,0.2,10001,9603,0.9602039796020398,18,8,0.457502319303338
10,6,30,25,5,4,1,7,28,6,30,0,4,0.005,0.2,10001,9456,0.9455054494550544,18,8,0.4767428633517168
10,6,30,25,5,4,1,7,28,6,30,0,5,0.005,0.1666666666666666,10001,9561,0.956004399560044,18,8,0.5334369552867634
10,6,30,25,5,4,1,7,28,6,30,1,4,0.005,0.2,10001,9524,0.9523047695230475,20,8,0.47462935775844173
10,6,30,25,5,4,1,7,28,6,30,1,5,0.005,0.1666666666666666,10001,9627,0.9626037396260374,18,8,0.5312249511574921
10,6,30,25,5,4,5,7,18,6,30,4,1,0.005,0.2,10001,9575,0.9574042595740426,18,8,0.5009909009246659
10,6,30,25,5,4,5,7,18,6,30,4,4,0.005,0.1666666666666666,10001,9714,0.9713028697130288,18,8,0.5115288890234079
10,6,30,25,5,4,5,7,18,6,30,4,5,0.005,0.2,10001,9591,0.959004099590041,18,8,0.4575023193033376
10,6,30,25,5,4,5,7,18,6,30,5,1,0.005,0.2,10001,9594,0.9593040695930408,20,8,0.5102274260518139
10,6,30,25,5,4,5,7,18,6,30,5,4,0.005,0.1666666666666666,10001,9698,0.9697030296970304,18,8,0.5215000730946309
10,6,30,25,5,4,5,7,18,6,30,5,5,0.005,0.2,10001,9544,0.9543045695430457,18,8,0.467395344885872
10,6,30,27,1,2,0,2,25,30,6,0,4,0.005,0.2,10001,9541,0.954004599540046,12,8,0.5106521894310341
10,6,30,27,1,2,0,2,25,30,6,1,4,0.005,0.2333333333333333,10001,9417,0.9416058394160584,12,8,0.4596128525686401
10,6,30,27,1,2,3,25,14,6,30,2,2,0.005,0.1666666666666666,10001,9586,0.9585041495850416,20,12,0.5124141893092747
10,6,30,27,1,2,3,25,14,6,30,2,3,0.005,0.1666666666666666,10001,9557,0.9556044395560443,20,12,0.5107509996534645
10,6,30,27,1,2,3,25,14,6,30,3,2,0.005,0.1666666666666666,10001,9596,0.9595040495950404,20,12,0.5127122292644739
10,6,30,27,1,2,3,25,14,6,30,3,3,0.005,0.1666666666666666,10001,9584,0.9583041695830417,20,12,0.5108737010583895
10,6,30,27,1,2,5,24,29,6,30,2,4,0.005,0.2,10001,9546,0.9545045495450456,24,8,0.4854600916696326
10,6,30,27,1,2,5,24,29,6,30,2,5,0.005,0.2,10001,9558,0.9557044295570444,26,8,0.48560605324087147
10,6,30,27,1,2,5,24,29,6,30,3,4,0.005,0.2,10001,9535,0.9534046595340466,26,8,0.4819509150645399
10,6,30,27,1,2,5,24,29,6,30,3,5,0.005,0.2,10001,9554,0.9553044695530448,24,8,0.4820322244652913
10,6,30,27,2,1,0,5,22,30,6,4,0,0.005,0.2,10001,9525,0.9524047595240476,12,8,0.5106521894310341
10,6,30,27,2,1,0,5,22,30,6,4,1,0.005,0.2,10001,9562,0.956104389561044,12,8,0.5117565164045235
10,6,30,27,2,1,1,27,16,6,30,2,3,0.005,0.2,10001,9533,0.9532046795320468,16,8,0.5065577360896404
10,6,30,27,2,1,1,3,2,6,30,2,2,0.005,0.1333333333333333,10001,9687,0.9686031396860314,18,8,0.5038390624726838
10,6,30,27,2,1,1,3,2,6,30,2,3,0.005,0.1,10001,9753,0.9752024797520248,18,8,0.5865959061295632
10,6,30,27,2,1,1,3,2,6,30,3,2,0.005,0.1333333333333333,10001,9665,0.9664033596640336,18,8,0.523253182938942
10,6,30,27,2,1,1,3,2,6,30,3,3,0.005,0.1,10001,9729,0.9728027197280272,18,8,0.6053263000107253
10,6,30,27,2,1,3,29,1,6,30,2,1,0.005,0.1333333333333333,10001,9688,0.9687031296870312,12,8,0.5467545669744186
10,6,30,27,2,1,3,29,1,6,30,2,4,0.005,0.1,10001,9804,0.9803019698030196,12,8,0.5812773948885638
10,6,30,27,2,1,3,29,1,6,30,2,5,0.005,0.1333333333333333,10001,9703,0.9702029797020298,12,8,0.5016022900611342
10,6,30,27,2,1,3,29,1,6,30,3,1,0.005,0.1333333333333333,10001,9669,0.9668033196680332,12,8,0.5440919730908229
10,6,30,27,2,1,3,29,1,6,30,3,4,0.005,0.1,10001,9760,0.975902409759024,12,8,0.580224840421245
10,6,30,27,2,1,3,29,1,6,30,3,5,0.005,0.1333333333333333,10001,9703,0.9702029797020298,12,8,0.5005973453059419
10,6,30,27,2,1,5,12,25,30,6,0,4,0.005,0.1666666666666666,10001,9665,0.9664033596640336,18,8,0.5260163514849552
10,6,30,27,2,1,5,12,25,30,6,0,5,0.005,0.1666666666666666,10001,9633,0.9632036796320368,18,8,0.5219167884323734
10,6,30,27,2,1,5,12,25,30,6,1,4,0.005,0.1666666666666666,10001,9639,0.9638036196380362,18,8,0.5204978183965888
10,6,30,27,2,1,5,12,25,30,6,1,5,0.005,0.1666666666666666,10001,9679,0.9678032196780322,18,8,0.5161816472770459
10,6,30,27,2,1,5,5,6,6,30,2,2,0.005,0.2,10001,9594,0.9593040695930408,24,8,0.4856060532408714
10,6,30,27,2,1,5,5,6,6,30,2,3,0.005,0.2,10001,9538,0.9537046295370464,24,8,0.48546009166963255
10,6,30,27,2,1,5,5,6,6,30,3,2,0.005,0.2,10001,9534,0.9533046695330468,24,8,0.4820322244652913
10,6,30,27,2,1,5,5,6,6,30,3,3,0.005,0.2,10001,9555,0.9554044595540446,24,8,0.48195091506453985
10,6,30,27,4,5,3,25,26,30,6,0,0,0.005,0.1666666666666666,10001,9591,0.959004099590041,20,12,0.5107509996534644
10,6,30,27,4,5,3,25,26,30,6,0,1,0.005,0.1666666666666666,10001,9570,0.956904309569043,20,12,0.5108737010583891
10,6,30,27,4,5,3,25,26,30,6,1,0,0.005,0.1666666666666666,10001,9567,0.9566043395660434,20,12,0.5124141893092746
10,6,30,27,4,5,3,25,26,30,6,1,1,0.005,0.1666666666666666,10001,9566,0.9565043495650436,20,12,0.5127122292644736
10,6,30,27,4,5,3,5,19,6,30,2,5,0.005,0.1666666666666666,10001,9550,0.954904509549045,22,8,0.4927316279556055
10,6,30,27,4,5,3,5,19,6,30,3,4,0.005,0.1666666666666666,10001,9561,0.956004399560044,20,8,0.49482826573481575
10,6,30,27,4,5,3,5,19,6,30,3,5,0.005,0.1666666666666666,10001,9579,0.9578042195780422,20,8,0.4930803135734348
10,6,30,27,4,5,5,15,20,30,6,4,2,0.005,0.1666666666666666,10001,9568,0.9567043295670432,18,8,0.5368445553502246
10,6,30,27,4,5,5,15,20,30,6,4,3,0.005,0.1666666666666666,10001,9580,0.957904209579042,18,8,0.5337563354206297
10,6,30,27,4,5,5,15,20,30,6,5,3,0.005,0.2,10001,9475,0.9474052594740526,18,8,0.4737394792100614
10,6,30,27,5,4,0,5,22,30,6,0,0,0.005,0.2,10001,9526,0.9525047495250476,12,8,0.5106521894310341
10,6,30,27,5,4,0,5,22,30,6,0,1,0.005,0.2,10001,9508,0.9507049295070492,12,8,0.5117565164045236
10,6,30,27,5,4,0,8,19,6,30,2,2,0.005,0.1333333333333333,10001,9675,0.9674032596740326,12,8,0.5467545669744185
10,6,30,27,5,4,0,8,19,6,30,2,4,0.005,0.1333333333333333,10001,9709,0.9708029197080292,12,8,0.5016022900611333
10,6,30,27,5,4,0,8,19,6,30,2,5,0.005,0.1,10001,9763,0.9762023797620238,12,8,0.5812773948885624
10,6,30,27,5,4,0,8,19,6,30,3,2,0.005,0.1333333333333333,10001,9719,0.9718028197180282,12,8,0.5440919730908226
10,6,30,27,5,4,0,8,19,6,30,3,4,0.005,0.1333333333333333,10001,9705,0.9704029597040296,12,8,0.5005973453059416
10,6,30,27,5,4,0,8,19,6,30,3,5,0.005,0.1,10001,9789,0.9788021197880212,12,8,0.5802248404212437
10,6,30,27,5,4,3,11,22,6,30,2,0,0.005,0.1333333333333333,10001,9669,0.9668033196680332,12,12,0.5632355666526742
10,6,30,27,5,4,3,11,22,6,30,2,1,0.005,0.1666666666666666,10001,9436,0.9435056494350564,12,12,0.49954388916481973
10,6,30,27,5,4,3,11,22,6,30,2,2,0.005,0.1,10001,9775,0.9774022597740226,12,12,0.5920009793961526
10,6,30,27,5,4,3,11,22,6,30,2,3,0.005,0.1333333333333333,10001,9675,0.9674032596740326,12,12,0.5128235489277847
10,6,30,27,5,4,3,11,22,6,30,3,0,0.005,0.1333333333333333,10001,9674,0.9673032696730328,12,12,0.5528850417969885
10,6,30,27,5,4,3,11,22,6,30,3,2,0.005,0.1,10001,9785,0.9784021597840216,12,12,0.5983388736689147
10,6,30,27,5,4,3,11,22,6,30,3,3,0.005,0.1333333333333333,10001,9682,0.968103189681032,12,12,0.5193172262592414
10,6,30,27,5,4,5,15,20,30,6,0,2,0.005,0.1666666666666666,10001,9595,0.9594040595940406,18,8,0.5368445553502246
10,6,30,27,5,4,5,15,20,30,6,0,3,0.005,0.1666666666666666,10001,9596,0.9595040495950404,20,8,0.5337563354206297
10,6,30,27,5,4,5,15,20,30,6,1,3,0.005,0.2,10001,9479,0.9478052194780522,18,8,0.4737394792100614
10,6,30,29,2,3,3,5,28,30,6,0,0,0.005,0.2,10001,9478,0.9477052294770524,24,8,0.4819509150645392
10,6,30,29,2,3,3,5,28,30,6,0,1,0.005,0.2,10001,9540,0.953904609539046,24,8,0.48546009166963205
10,6,30,29,2,3,3,5,28,30,6,1,0,0.005,0.2,10001,9502,0.95010498950105,24,8,0.4820322244652907
10,6,30,29,2,3,3,5,28,30,6,1,1,0.005,0.2,10001,9528,0.9527047295270472,24,8,0.4856060532408711
10,6,30,29,5,0,3,2,7,30,6,0,2,0.005,0.2,10001,9475,0.9474052594740526,24,8,0.4819509150645392
10,6,30,29,5,0,3,2,7,30,6,1,2,0.005,0.2,10001,9469,0.9468053194680532,24,8,0.4820322244652907
10,6,30,3,1,2,0,11,25,6,30,2,0,0.005,0.1666666666666666,10001,9574,0.9573042695730428,20,8,0.4944867386085188
10,6,30,3,1,2,0,11,25,6,30,2,1,0.005,0.1666666666666666,10001,9592,0.9591040895910408,20,8,0.49273162795560554
10,6,30,3,1,2,0,11,25,6,30,3,0,0.005,0.1666666666666666,10001,9578,0.9577042295770424,22,8,0.4948282657348159
10,6,30,3,1,2,0,11,25,6,30,3,1,0.005,0.1666666666666666,10001,9578,0.9577042295770424,20,8,0.49308031357343485
10,6,30,3,1,2,0,8,19,6,30,2,2,0.005,0.1333333333333333,10001,9691,0.969003099690031,12,8,0.5016022900611333
10,6,30,3,1,2,0,8,19,6,30,2,3,0.005,0.1,10001,9781,0.978002199780022,12,8,0.5812773948885628
10,6,30,3,1,2,0,8,19,6,30,2,4,0.005,0.1333333333333333,10001,9685,0.9684031596840316,12,8,0.5467545669744187
10,6,30,3,1,2,0,8,19,6,30,3,2,0.005,0.1333333333333333,10001,9701,0.97000299970003,12,8,0.5005973453059415
10,6,30,3,1,2,0,8,19,6,30,3,3,0.005,0.1,10001,9779,0.9778022197780222,12,8,0.580224840421244
10,6,30,3,1,2,0,8,19,6,30,3,4,0.005,0.1333333333333333,10001,9664,0.9663033696630337,12,8,0.5440919730908229
10,6,30,3,1,2,3,4,29,6,30,2,4,0.005,0.1666666666666666,10001,9579,0.9578042195780422,20,12,0.5108737010583895
10,6,30,3,1,2,3,4,29,6,30,2,5,0.005,0.1666666666666666,10001,9550,0.954904509549045,20,12,0.5127122292644739
10,6,30,3,1,2,3,4,29,6,30,3,4,0.005,0.1666666666666666,10001,9554,0.9553044695530448,20,12,0.5107509996534648
10,6,30,3,1,2,3,4,29,6,30,3,5,0.005,0.1666666666666666,10001,9558,0.9557044295570444,20,12,0.5124141893092752
10,6,30,3,2,1,0,1,5,6,30,2,0,0.005,0.1666666666666666,10001,9576,0.9575042495750424,22,8,0.4948282657348159
10,6,30,3,2,1,0,1,5,6,30,2,1,0.005,0.1666666666666666,10001,9580,0.957904209579042,20,8,0.49308031357343485
10,6,30,3,2,1,0,1,5,6,30,3,0,0.005,0.1666666666666666,10001,9595,0.9594040595940406,20,8,0.4944867386085188
10,6,30,3,2,1,0,1,5,6,30,3,1,0.005,0.1666666666666666,10001,9587,0.9586041395860414,20,8,0.49273162795560554
10,6,30,3,2,1,1,3,8,30,6,5,3,0.005,0.1666666666666666,10001,9516,0.9515048495150484,16,8,0.5412046433223061
10,6,30,3,2,1,5,12,17,30,6,4,2,0.005,0.1666666666666666,10001,9639,0.9638036196380362,18,8,0.5260163514849553
10,6,30,3,2,1,5,12,17,30,6,4,3,0.005,0.1666666666666666,10001,9659,0.9658034196580342,18,8,0.5219167884323733
10,6,30,3,2,1,5,12,17,30,6,5,2,0.005,0.1666666666666666,10001,9652,0.9651034896510348,18,8,0.5204978183965889
10,6,30,3,2,1,5,12,17,30,6,5,3,0.005,0.1666666666666666,10001,9664,0.9663033696630337,18,8,0.5161816472770455
10,6,30,3,4,5,0,19,14,6,30,2,0,0.005,0.1666666666666666,10001,9605,0.9604039596040396,20,8,0.49308031357343474
10,6,30,3,4,5,0,19,14,6,30,2,1,0.005,0.1666666666666666,10001,9621,0.962003799620038,22,8,0.49482826573481575
10,6,30,3,4,5,0,19,14,6,30,3,0,0.005,0.1666666666666666,10001,9570,0.956904309569043,22,8,0.49273162795560543
10,6,30,3,4,5,0,19,14,6,30,3,1,0.005,0.1666666666666666,10001,9604,0.9603039696030397,20,8,0.49448673860851866
10,6,30,3,5,4,0,5,16,6,30,2,2,0.005,0.1666666666666666,10001,9570,0.956904309569043,22,8,0.49448673860851866
10,6,30,3,5,4,0,5,16,6,30,2,3,0.005,0.1666666666666666,10001,9581,0.958004199580042,20,8,0.49273162795560543
10,6,30,3,5,4,0,5,16,6,30,3,2,0.005,0.1666666666666666,10001,9602,0.96010398960104,22,8,0.49482826573481575
10,6,30,3,5,4,1,0,29,6,30,2,2,0.005,0.1,10001,9756,0.9755024497550244,12,8,0.5896056370689635
10,6,30,3,5,4,1,0,29,6,30,2,3,0.005,0.1333333333333333,10001,9712,0.9711028897110288,12,8,0.5107099559145091
10,6,30,3,5,4,1,0,29,6,30,2,4,0.005,0.1,10001,9749,0.9748025197480252,12,8,0.5866734987548207
10,6,30,3,5,4,1,0,29,6,30,2,5,0.005,0.1333333333333333,10001,9725,0.9724027597240276,12,8,0.5079415340778426
10,6,30,3,5,4,1,0,29,6,30,3,2,0.005,0.1,10001,9741,0.974002599740026,12,8,0.5866734987548207
10,6,30,3,5,4,1,0,29,6,30,3,3,0.005,0.1333333333333333,10001,9729,0.9728027197280272,12,8,0.5079415340778426
10,6,30,3,5,4,1,0,29,6,30,3,4,0.005,0.1,10001,9719,0.9718028197180282,12,8,0.5896056370689635
10,6,30,3,5,4,1,0,29,6,30,3,5,0.005,0.1333333333333333,10001,9699,0.9698030196980302,12,8,0.5107099559145091
10,6,30,3,5,4,3,5,13,30,6,4,0,0.005,0.2,10001,9525,0.9524047595240476,12,8,0.5117565164045234
10,6,30,3,5,4,3,5,13,30,6,4,1,0.005,0.2,10001,9513,0.9512048795120488,12,8,0.5106521894310337
10,6,30,5,0,1,1,1,3,6,30,0,5,0.005,0.2333333333333333,10001,9457,0.9456054394560544,20,8,0.48016588841963015
10,6,30,5,0,1,1,1,3,6,30,1,5,0.005,0.2333333333333333,10001,9392,0.9391060893910608,18,8,0.4816783558829002
10,6,30,5,0,1,1,1,3,6,30,2,1,0.005,0.1666666666666666,10001,9623,0.9622037796220378,18,8,0.523143912404459
10,6,30,5,0,1,1,1,3,6,30,3,1,0.005,0.1666666666666666,10001,9645,0.9644035596440356,20,8,0.5205872063287431
10,6,30,5,0,1,1,18,23,6,30,0,0,0.005,0.2,10001,9611,0.961003899610039,10,8,0.4690067580502781
10,6,30,5,0,1,1,18,23,6,30,0,1,0.005,0.1666666666666666,10001,9614,0.9613038696130388,10,8,0.5234267764194387
10,6,30,5,0,1,1,18,23,6,30,0,4,0.005,0.2,10001,9618,0.9617038296170384,10,8,0.4801880454315841
10,6,30,5,0,1,1,18,23,6,30,0,5,0.005,0.1666666666666666,10001,9641,0.964003599640036,10,8,0.5345078075167898
10,6,30,5,0,1,1,18,23,6,30,1,0,0.005,0.2,10001,9583,0.9582041795820418,10,8,0.4801880454315842
10,6,30,5,0,1,1,18,23,6,30,1,1,0.005,0.1666666666666666,10001,9646,0.9645035496450356,10,8,0.5345078075167901
10,6,30,5,0,1,1,18,23,6,30,1,4,0.005,0.2,10001,9620,0.961903809619038,10,8,0.4690067580502781
10,6,30,5,0,1,1,18,23,6,30,1,5,0.005,0.1666666666666666,10001,9637,0.9636036396360363,10,8,0.5234267764194386
10,6,30,5,0,1,3,11,27,6,30,2,0,0.005,0.1666666666666666,10001,9571,0.957004299570043,16,8,0.5310886843100924
10,6,30,5,0,1,3,11,27,6,30,2,1,0.005,0.2,10001,9457,0.9456054394560544,16,8,0.4742030344689319
10,6,30,5,0,1,3,11,27,6,30,3,0,0.005,0.1666666666666666,10001,9581,0.958004199580042,16,8,0.5316766375564596
10,6,30,5,0,1,3,11,27,6,30,3,1,0.005,0.2,10001,9520,0.951904809519048,16,8,0.474771207094973
10,6,30,5,0,1,3,9,17,6,30,2,4,0.005,0.1666666666666666,10001,9567,0.9566043395660434,16,8,0.5310886843100919
10,6,30,5,0,1,3,9,17,6,30,2,5,0.005,0.2,10001,9481,0.948005199480052,16,8,0.4742030344689316
10,6,30,5,0,1,3,9,17,6,30,3,4,0.005,0.1666666666666666,10001,9581,0.958004199580042,16,8,0.5316766375564592
10,6,30,5,0,1,4,13,29,6,30,4,0,0.005,0.2,10001,9542,0.954104589541046,18,8,0.4709859551738707
10,6,30,5,0,1,4,13,29,6,30,4,1,0.005,0.1666666666666666,10001,9644,0.9643035696430357,18,8,0.525799344386201
10,6,30,5,0,1,4,13,29,6,30,5,1,0.005,0.1666666666666666,10001,9634,0.9633036696330368,20,8,0.5228895078313233
10,6,30,5,0,5,0,21,23,6,30,2,4,0.005,0.1666666666666666,10001,9620,0.961903809619038,16,8,0.5142877894295348
10,6,30,5,0,5,0,26,27,6,30,2,3,0.005,0.1666666666666666,10001,9625,0.9624037596240376,16,8,0.5142877894295331
10,6,30,5,0,5,0,3,4,6,30,4,2,0.005,0.1666666666666666,10001,9612,0.9611038896110388,16,8,0.5142877894295345
10,6,30,5,0,5,0,3,4,6,30,4,3,0.005,0.2,10001,9487,0.9486051394860514,16,8,0.45750842194339786
10,6,30,5,0,5,0,3,4,6,30,5,2,0.005,0.1666666666666666,10001,9617,0.9616038396160383,16,8,0.5102488622562745
10,6,30,5,0,5,2,27,19,6,30,2,4,0.005,0.2,10001,9536,0.9535046495350464,18,8,0.470985955173871
10,6,30,5,0,5,2,27,19,6,30,2,5,0.005,0.1666666666666666,10001,9662,0.966103389661034,18,8,0.525799344386201
10,6,30,5,0,5,2,27,19,6,30,3,5,0.005,0.1666666666666666,10001,9616,0.9615038496150384,18,8,0.5228895078313233
10,6,30,5,0,5,2,9,13,6,30,2,4,0.005,0.2,10001,9512,0.9511048895110488,18,8,0.470985955173871
10,6,30,5,0,5,2,9,13,6,30,2,5,0.005,0.1666666666666666,10001,9653,0.9652034796520348,18,8,0.525799344386201
10,6,30,5,0,5,2,9,13,6,30,3,4,0.005,0.2,10001,9513,0.9512048795120488,18,8,0.46815929696248304
10,6,30,5,0,5,2,9,13,6,30,3,5,0.005,0.1666666666666666,10001,9642,0.964103589641036,20,8,0.5228895078313233
10,6,30,5,0,5,3,2,19,6,30,4,0,0.005,0.2,10001,9581,0.958004199580042,18,8,0.48212786765692195
10,6,30,5,0,5,3,2,19,6,30,4,1,0.005,0.1666666666666666,10001,9680,0.967903209679032,18,8,0.5361679425905547
10,6,30,5,0,5,3,2,19,6,30,4,3,0.005,0.2,10001,9621,0.962003799620038,20,8,0.51879464581652
10,6,30,5,0,5,3,2,19,6,30,5,0,0.005,0.2,10001,9606,0.9605039496050396,20,8,0.47962658288954146
10,6,30,5,0,5,3,2,19,6,30,5,1,0.005,0.1666666666666666,10001,9722,0.972102789721028,18,8,0.5336154396565572
10,6,30,5,0,5,3,2,19,6,30,5,3,0.005,0.2,10001,9573,0.9572042795720428,18,8,0.5182598244714433
10,6,30,5,1,0,0,22,9,6,30,0,3,0.005,0.1666666666666666,10001,9612,0.9611038896110388,16,8,0.5142877894295346
10,6,30,5,1,0,0,22,9,6,30,1,2,0.005,0.2,10001,9493,0.9492050794920508,16,8,0.45360113029001903
10,6,30,5,1,0,0,22,9,6,30,1,3,0.005,0.1666666666666666,10001,9573,0.9572042795720428,16,8,0.5102488622562747
10,6,30,5,1,0,1,12,19,6,30,0,0,0.005,0.2,10001,9583,0.9582041795820418,18,8,0.5102274260518141
10,6,30,5,1,0,1,12,19,6,30,0,2,0.005,0.1666666666666666,10001,9721,0.972002799720028,18,8,0.5215000730946311
10,6,30,5,1,0,1,12,19,6,30,0,3,0.005,0.2,10001,9587,0.9586041395860414,20,8,0.4673953448858721
10,6,30,5,1,0,1,12,19,6,30,1,0,0.005,0.2,10001,9586,0.9585041495850416,20,8,0.500990900924666
10,6,30,5,1,0,1,12,19,6,30,1,2,0.005,0.1666666666666666,10001,9698,0.9697030296970304,18,8,0.511528889023408
10,6,30,5,1,0,1,12,19,6,30,1,3,0.005,0.2,10001,9581,0.958004199580042,18,8,0.45750231930333773
10,6,30,5,1,0,1,12,19,6,30,4,0,0.005,0.2333333333333333,10001,9470,0.946905309469053,18,8,0.48146185979141043
10,6,30,5,1,0,3,26,29,6,30,0,0,0.005,0.2,10001,9482,0.948105189481052,20,8,0.47674286335171684
10,6,30,5,1,0,3,26,29,6,30,0,1,0.005,0.1666666666666666,10001,9602,0.96010398960104,18,8,0.5334369552867635
10,6,30,5,1,0,3,26,29,6,30,1,0,0.005,0.2,10001,9568,0.9567043295670432,18,8,0.47462935775844184
10,6,30,5,1,0,3,26,29,6,30,1,1,0.005,0.1666666666666666,10001,9600,0.95990400959904,18,8,0.5312249511574922
10,6,30,5,1,0,5,14,7,6,30,2,2,0.005,0.2,10001,9631,0.963003699630037,18,8,0.5102274260518144
10,6,30,5,1,0,5,14,7,6,30,2,4,0.005,0.2,10001,9569,0.9568043195680432,18,8,0.4673953448858722
10,6,30,5,1,0,5,14,7,6,30,2,5,0.005,0.1666666666666666,10001,9676,0.9675032496750324,18,8,0.5215000730946314
10,6,30,5,1,0,5,14,7,6,30,3,2,0.005,0.2,10001,9603,0.9602039796020398,18,8,0.5009909009246665
10,6,30,5,1,0,5,14,7,6,30,3,4,0.005,0.2,10001,9555,0.9554044595540446,18,8,0.4575023193033377
10,6,30,5,1,0,5,14,7,6,30,3,5,0.005,0.1666666666666666,10001,9727,0.9726027397260274,20,8,0.5115288890234083
10,6,30,5,1,0,5,28,27,6,30,0,2,0.005,0.2,10001,9529,0.9528047195280472,18,8,0.4568878800216568
10,6,30,5,1,0,5,28,27,6,30,0,3,0.005,0.1666666666666666,10001,9599,0.9598040195980402,18,8,0.5115989498283804
10,6,30,5,1,0,5,28,27,6,30,1,2,0.005,0.2,10001,9552,0.9551044895510448,22,8,0.46060625366685864
10,6,30,5,1,0,5,28,27,6,30,1,3,0.005,0.1666666666666666,10001,9620,0.961903809619038,18,8,0.5154144198233261
10,6,30,5,1,0,5,28,27,6,30,2,2,0.005,0.1666666666666666,10001,9600,0.95990400959904,22,8,0.5154144198233257
10,6,30,5,1,0,5,28,27,6,30,3,2,0.005,0.1666666666666666,10001,9635,0.9634036596340366,22,8,0.5115989498283793
10,6,30,5,1,0,5,28,27,6,30,3,3,0.005,0.2,10001,9481,0.948005199480052,18,8,0.45688788002165587
10,6,30,5,1,2,1,16,9,6,30,2,2,0.005,0.1666666666666666,10001,9643,0.9642035796420358,18,8,0.5259256060841779
10,6,30,5,1,2,1,16,9,6,30,3,2,0.005,0.1666666666666666,10001,9602,0.96010398960104,18,8,0.5204479203921755
10,6,30,5,1,2,1,16,9,6,30,3,3,0.005,0.2,10001,9500,0.94990500949905,20,8,0.4655625342795343
10,6,30,5,1,2,2,29,26,6,30,0,1,0.005,0.1666666666666666,10001,9586,0.9585041495850416,16,8,0.5142877894295343
10,6,30,5,1,2,2,29,26,6,30,1,0,0.005,0.2,10001,9505,0.9504049595040496,16,8,0.4536011302900189
10,6,30,5,1,2,2,29,26,6,30,1,1,0.005,0.1666666666666666,10001,9598,0.9597040295970404,16,8,0.5102488622562745
10,6,30,5,1,2,5,1,4,6,30,2,0,0.005,0.2,10001,9475,0.9474052594740526,18,8,0.4596088248703433
10,6,30,5,1,2,5,1,4,6,30,2,1,0.005,0.1666666666666666,10001,9633,0.9632036796320368,20,8,0.516338294594372
10,6,30,5,1,2,5,1,4,6,30,3,0,0.005,0.2,10001,9472,0.9471052894710528,18,8,0.45636350611255033
10,6,30,5,1,2,5,1,4,6,30,3,1,0.005,0.1666666666666666,10001,9558,0.9557044295570444,18,8,0.5130932999509799
10,6,30,5,2,1,1,1,29,6,30,2,1,0.005,0.2,10001,9632,0.9631036896310368,20,8,0.49885452145592324
10,6,30,5,2,1,1,1,29,6,30,2,4,0.005,0.1666666666666666,10001,9682,0.968103189681032,18,8,0.5195817964658435
10,6,30,5,2,1,1,1,29,6,30,2,5,0.005,0.2,10001,9574,0.9573042695730428,18,8,0.46549510687106344
10,6,30,5,2,1,1,1,29,6,30,3,1,0.005,0.2,10001,9615,0.9614038596140386,18,8,0.5092927132947979
10,6,30,5,2,1,1,1,29,6,30,3,4,0.005,0.1666666666666666,10001,9700,0.96990300969903,18,8,0.5198211569244399
10,6,30,5,2,1,1,1,29,6,30,3,5,0.005,0.2,10001,9614,0.9613038696130388,20,8,0.4657688397065062
10,6,30,5,2,1,1,24,21,6,30,4,0,0.005,0.2,10001,9499,0.9498050194980502,18,8,0.4563635061125507
10,6,30,5,2,1,1,24,21,6,30,4,1,0.005,0.1666666666666666,10001,9566,0.9565043495650436,20,8,0.5130932999509803
10,6,30,5,2,1,1,24,21,6,30,5,0,0.005,0.2,10001,9498,0.9497050294970504,18,8,0.45960882487034377
10,6,30,5,2,1,1,24,21,6,30,5,1,0.005,0.1666666666666666,10001,9593,0.9592040795920408,18,8,0.5163382945943724
10,6,30,5,2,1,4,7,28,6,30,2,1,0.005,0.1666666666666666,10001,9615,0.9614038596140386,16,8,0.5142877894295349
10,6,30,5,2,1,4,7,28,6,30,3,0,0.005,0.2,10001,9510,0.950904909509049,16,8,0.4536011302900189
10,6,30,5,2,1,4,7,28,6,30,3,1,0.005,0.1666666666666666,10001,9590,0.958904109589041,16,8,0.5102488622562749
10,6,30,5,2,1,5,22,18,6,30,0,0,0.005,0.1666666666666666,10001,9692,0.9691030896910308,18,8,0.5328360472744397
10,6,30,5,2,1,5,22,18,6,30,0,1,0.005,0.2,10001,9612,0.9611038896110388,18,8,0.47874385206913567
10,6,30,5,2,1,5,22,18,6,30,0,5,0.005,0.2,10001,9624,0.9623037696230377,18,8,0.5145476928215568
10,6,30,5,2,1,5,22,18,6,30,1,0,0.005,0.1666666666666666,10001,9719,0.9718028197180282,18,8,0.5334438942753045
10,6,30,5,2,1,5,22,18,6,30,1,1,0.005,0.2,10001,9584,0.9583041695830417,18,8,0.4793899471701898
10,6,30,5,2,1,5,22,18,6,30,1,5,0.005,0.2,10001,9617,0.9616038396160383,18,8,0.5188177383587705
10,6,30,5,2,1,5,23,7,6,30,2,0,0.005,0.1666666666666666,10001,9719,0.9718028197180282,18,8,0.5328360472744399
10,6,30,5,2,1,5,23,7,6,30,2,1,0.005,0.2,10001,9626,0.9625037496250376,18,8,0.47874385206913567
10,6,30,5,2,1,5,23,7,6,30,2,5,0.005,0.2,10001,9553,0.9552044795520448,18,8,0.5145476928215564
10,6,30,5,2,1,5,23,7,6,30,3,0,0.005,0.1666666666666666,10001,9705,0.9704029597040296,18,8,0.5334438942753049
10,6,30,5,2,1,5,23,7,6,30,3,1,0.005,0.2,10001,9584,0.9583041695830417,18,8,0.47938994717018985
10,6,30,5,2,1,5,23,7,6,30,3,5,0.005,0.2,10001,9609,0.9608039196080392,18,8,0.5188177383587703
10,6,30,5,2,1,5,8,17,6,30,4,0,0.005,0.2,10001,9492,0.9491050894910508,18,8,0.47674286335171695
10,6,30,5,2,1,5,8,17,6,30,4,1,0.005,0.1666666666666666,10001,9613,0.9612038796120388,18,8,0.5334369552867635
10,6,30,5,2,1,5,8,17,6,30,5,0,0.005,0.2,10001,9536,0.9535046495350464,20,8,0.474629357758442
10,6,30,5,2,1,5,8,17,6,30,5,1,0.005,0.1666666666666666,10001,9598,0.9597040295970404,20,8,0.5312249511574925
10,6,30,5,2,3,1,24,7,6,30,0,1,0.005,0.1666666666666666,10001,9621,0.962003799620038,18,8,0.515414419823326
10,6,30,5,2,3,1,24,7,6,30,1,0,0.005,0.2,10001,9512,0.9511048895110488,18,8,0.4568878800216569
10,6,30,5,2,3,1,24,7,6,30,1,1,0.005,0.1666666666666666,10001,9634,0.9633036696330368,22,8,0.5115989498283804
10,6,30,5,2,3,1,24,7,6,30,4,0,0.005,0.1666666666666666,10001,9621,0.962003799620038,18,8,0.515414419823326
10,6,30,5,2,3,2,28,29,6,30,2,2,0.005,0.2,10001,9584,0.9583041695830417,18,8,0.4793899471701888
10,6,30,5,2,3,2,28,29,6,30,2,3,0.005,0.1666666666666666,10001,9704,0.9703029697030296,18,8,0.5334438942753036
10,6,30,5,2,3,2,28,29,6,30,2,4,0.005,0.2,10001,9613,0.9612038796120388,18,8,0.5188177383587711
10,6,30,5,2,3,2,28,29,6,30,3,2,0.005,0.2,10001,9573,0.9572042795720428,18,8,0.4787438520691351
10,6,30,5,2,3,2,28,29,6,30,3,3,0.005,0.1666666666666666,10001,9711,0.971002899710029,20,8,0.5328360472744391
10,6,30,5,2,3,2,28,29,6,30,3,4,0.005,0.2,10001,9616,0.9615038496150384,20,8,0.5145476928215574
10,6,30,5,2,3,3,16,23,6,30,2,2,0.005,0.2,10001,9598,0.9597040295970404,18,8,0.47962658288954124
10,6,30,5,2,3,3,16,23,6,30,2,3,0.005,0.1666666666666666,10001,9714,0.9713028697130288,18,8,0.5336154396565573
10,6,30,5,2,3,3,16,23,6,30,2,4,0.005,0.2,10001,9602,0.96010398960104,18,8,0.5182598244714428
10,6,30,5,2,3,3,16,23,6,30,3,2,0.005,0.2,10001,9636,0.9635036496350364,18,8,0.48212786765692217
10,6,30,5,2,3,3,16,23,6,30,3,3,0.005,0.1666666666666666,10001,9685,0.9684031596840316,18,8,0.5361679425905549
10,6,30,5,2,3,3,16,23,6,30,3,4,0.005,0.2,10001,9634,0.9633036696330368,18,8,0.5187946458165197
10,6,30,5,2,3,5,21,14,6,30,4,4,0.005,0.2,10001,9479,0.9478052194780522,20,8,0.47428430213567235
10,6,30,5,2,3,5,21,14,6,30,4,5,0.005,0.1666666666666666,10001,9573,0.9572042795720428,18,8,0.5310384108880197
10,6,30,5,2,3,5,21,14,6,30,5,4,0.005,0.2,10001,9485,0.9484051594840516,18,8,0.4745455999073145
10,6,30,5,2,3,5,21,14,6,30,5,5,0.005,0.1666666666666666,10001,9585,0.9584041595840416,18,8,0.5313732896707832
10,6,30,5,2,3,5,22,11,6,30,0,0,0.005,0.2,10001,9518,0.9517048295170484,20,8,0.4679187086442607
10,6,30,5,2,3,5,22,11,6,30,0,1,0.005,0.1666666666666666,10001,9626,0.9625037496250376,20,8,0.5227606560142347
10,6,30,5,2,3,5,22,11,6,30,1,0,0.005,0.2,10001,9493,0.9492050794920508,18,8,0.4661695187568373
10,6,30,5,2,3,5,22,11,6,30,1,1,0.005,0.1666666666666666,10001,9634,0.9633036696330368,20,8,0.5209190532999377
10,6,30,5,2,3,5,22,11,6,30,2,2,0.005,0.2,10001,9582,0.958104189581042,18,8,0.4788236045167313
10,6,30,5,2,3,5,22,11,6,30,2,3,0.005,0.1666666666666666,10001,9730,0.9729027097290271,18,8,0.5329305802281149
10,6,30,5,2,3,5,22,11,6,30,2,4,0.005,0.2,10001,9594,0.9593040695930408,18,8,0.5173203917050276
10,6,30,5,2,3,5,22,11,6,30,3,2,0.005,0.2,10001,9579,0.9578042195780422,18,8,0.47853935356735816
10,6,30,5,2,3,5,22,11,6,30,3,3,0.005,0.1666666666666666,10001,9703,0.9702029797020298,18,8,0.5326081454752172
10,6,30,5,2,3,5,22,11,6,30,3,4,0.005,0.2,10001,9610,0.960903909609039,20,8,0.5153211547145217
10,6,30,5,3,2,1,12,1,6,30,0,0,0.005,0.1666666666666666,10001,9622,0.962103789621038,18,8,0.515414419823326
10,6,30,5,3,2,1,12,1,6,30,0,1,0.005,0.2,10001,9526,0.9525047495250476,18,8,0.46060625366685853
10,6,30,5,3,2,1,12,1,6,30,1,0,0.005,0.1666666666666666,10001,9610,0.960903909609039,22,8,0.5115989498283804
10,6,30,5,3,2,1,12,1,6,30,4,0,0.005,0.2,10001,9518,0.9517048295170484,18,8,0.4606062536668585
10,6,30,5,3,2,1,12,1,6,30,4,1,0.005,0.1666666666666666,10001,9627,0.9626037396260374,18,8,0.515414419823326
10,6,30,5,3,2,1,12,1,6,30,5,0,0.005,0.2,10001,9522,0.952104789521048,22,8,0.4568878800216569
10,6,30,5,3,2,1,12,1,6,30,5,1,0.005,0.1666666666666666,10001,9615,0.9614038596140386,18,8,0.5115989498283804
10,6,30,5,3,2,3,12,1,6,30,4,4,0.005,0.1666666666666666,10001,9574,0.9573042695730428,20,8,0.5163382945943722
10,6,30,5,3,2,3,12,1,6,30,5,4,0.005,0.1666666666666666,10001,9585,0.9584041595840416,20,8,0.5130932999509801
10,6,30,5,3,2,3,21,23,6,30,2,4,0.005,0.1666666666666666,10001,9601,0.96000399960004,16,8,0.5142877894295348
10,6,30,5,3,2,3,21,23,6,30,2,5,0.005,0.2,10001,9484,0.9483051694830515,16,8,0.4575084219433979
10,6,30,5,3,2,3,21,23,6,30,3,4,0.005,0.1666666666666666,10001,9597,0.9596040395960403,16,8,0.5102488622562749
10,6,30,5,3,2,3,21,23,6,30,3,5,0.005,0.2,10001,9504,0.9503049695030495,16,8,0.4536011302900189
10,6,30,5,3,2,3,23,10,6,30,4,0,0.005,0.2,10001,9475,0.9474052594740526,18,8,0.47686176078296383
10,6,30,5,3,2,3,23,10,6,30,4,1,0.005,0.1666666666666666,10001,9539,0.9538046195380462,18,8,0.5368445553502245
10,6,30,5,3,2,3,23,10,6,30,5,1,0.005,0.1666666666666666,10001,9586,0.9585041495850416,18,8,0.5337563354206296
10,6,30,5,3,2,4,11,18,6,30,0,0,0.005,0.1666666666666666,10001,9631,0.963003699630037,18,8,0.5205872063287429
10,6,30,5,3,2,4,11,18,6,30,0,1,0.005,0.2,10001,9543,0.9542045795420458,18,8,0.4657161750866956
10,6,30,5,3,2,4,11,18,6,30,1,0,0.005,0.1666666666666666,10001,9589,0.9588041195880412,20,8,0.5231439124044589
10,6,30,5,3,2,4,19,8,6,30,2,0,0.005,0.2,10001,9623,0.9622037796220378,18,8,0.46549510687106477
10,6,30,5,3,2,4,19,8,6,30,2,1,0.005,0.1666666666666666,10001,9672,0.9671032896710328,20,8,0.519581796465845
10,6,30,5,3,2,4,19,8,6,30,2,3,0.005,0.2,10001,9613,0.9612038796120388,18,8,0.49885452145592357
10,6,30,5,3,2,4,19,8,6,30,3,0,0.005,0.2,10001,9614,0.9613038696130388,18,8,0.46576883970650795
10,6,30,5,3,2,4,19,8,6,30,3,1,0.005,0.1666666666666666,10001,9748,0.9747025297470252,20,8,0.519821156924442
10,6,30,5,3,2,4,19,8,6,30,3,3,0.005,0.2,10001,9572,0.9571042895710428,20,8,0.5092927132947989
10,6,30,5,3,2,5,21,2,6,30,5,0,0.005,0.1666666666666666,10001,9615,0.9614038596140386,18,8,0.5310384108880198
10,6,30,5,3,2,5,26,7,6,30,4,4,0.005,0.2,10001,9528,0.9527047295270472,18,8,0.4655625342795342
10,6,30,5,3,2,5,26,7,6,30,4,5,0.005,0.1666666666666666,10001,9595,0.9594040595940406,18,8,0.5204479203921756
10,6,30,5,3,2,5,26,7,6,30,5,5,0.005,0.1666666666666666,10001,9594,0.9593040695930408,18,8,0.5259256060841778
10,6,30,5,3,4,1,23,1,6,30,4,5,0.005,0.1666666666666666,10001,9650,0.9649035096490352,18,8,0.525799344386201
10,6,30,5,3,4,1,23,1,6,30,5,4,0.005,0.2,10001,9529,0.9528047195280472,18,8,0.4681592969624829
10,6,30,5,3,4,1,23,1,6,30,5,5,0.005,0.1666666666666666,10001,9647,0.9646035396460354,18,8,0.522889507831323
10,6,30,5,3,4,3,1,12,6,30,4,0,0.005,0.1666666666666666,10001,9586,0.9585041495850416,18,8,0.5163382945943723
10,6,30,5,3,4,3,1,12,6,30,4,1,0.005,0.2,10001,9473,0.9472052794720528,18,8,0.45960882487034366
10,6,30,5,3,4,3,1,12,6,30,5,0,0.005,0.1666666666666666,10001,9621,0.962003799620038,22,8,0.5130932999509802
10,6,30,5,3,4,3,7,9,6,30,4,0,0.005,0.1666666666666666,10001,9598,0.9597040295970404,16,8,0.5142877894295346
10,6,30,5,3,4,3,7,9,6,30,5,1,0.005,0.2,10001,9513,0.9512048795120488,16,8,0.45360113029001914
10,6,30,5,3,4,4,18,27,6,30,0,5,0.005,0.1666666666666666,10001,9593,0.9592040795920408,16,8,0.531676637556459
10,6,30,5,3,4,4,18,27,6,30,1,5,0.005,0.1666666666666666,10001,9599,0.9598040195980402,16,8,0.5310886843100919
10,6,30,5,4,3,0,13,22,6,30,2,1,0.005,0.1666666666666666,10001,9587,0.9586041395860414,16,8,0.5316766375564592
10,6,30,5,4,3,0,13,22,6,30,3,0,0.005,0.2,10001,9459,0.9458054194580542,16,8,0.4742030344689316
10,6,30,5,4,3,0,13,22,6,30,3,1,0.005,0.1666666666666666,10001,9571,0.957004299570043,16,8,0.5310886843100919
10,6,30,5,4,3,0,27,26,6,30,2,2,0.005,0.1666666666666666,10001,9552,0.9551044895510448,16,8,0.5316766375564579
10,6,30,5,4,3,0,27,26,6,30,3,2,0.005,0.1666666666666666,10001,9567,0.9566043395660434,16,8,0.5310886843100908
10,6,30,5,4,3,0,27,26,6,30,3,3,0.005,0.2,10001,9513,0.9512048795120488,16,8,0.47420303446893064
10,6,30,5,4,3,1,14,13,6,30,0,5,0.005,0.1666666666666666,10001,9642,0.964103589641036,18,8,0.5204479203921756
10,6,30,5,4,3,1,14,13,6,30,1,4,0.005,0.2,10001,9545,0.9544045595440456,18,8,0.47102066436594214
10,6,30,5,4,3,1,14,13,6,30,1,5,0.005,0.1666666666666666,10001,9603,0.9602039796020398,18,8,0.5259256060841778
10,6,30,5,4,3,2,11,28,6,30,4,0,0.005,0.1666666666666666,10001,9625,0.9624037596240376,18,8,0.5257993443862007
10,6,30,5,4,3,2,11,28,6,30,4,1,0.005,0.2,10001,9578,0.9577042295770424,18,8,0.4709859551738705
10,6,30,5,4,3,2,11,28,6,30,5,0,0.005,0.1666666666666666,10001,9604,0.9603039696030397,18,8,0.522889507831323
10,6,30,5,4,3,5,13,22,6,30,2,1,0.005,0.1666666666666666,10001,9618,0.9617038296170384,18,8,0.5334369552867635
10,6,30,5,4,3,5,13,22,6,30,3,0,0.005,0.2,10001,9515,0.9514048595140486,18,8,0.47462935775844173
10,6,30,5,4,3,5,13,22,6,30,3,1,0.005,0.1666666666666666,10001,9600,0.95990400959904,20,8,0.5312249511574925
10,6,30,5,4,5,1,22,23,6,30,4,2,0.005,0.2,10001,9541,0.954004599540046,18,8,0.4655625342795342
10,6,30,5,4,5,1,22,23,6,30,4,3,0.005,0.1666666666666666,10001,9608,0.9607039296070392,18,8,0.5204479203921757
10,6,30,5,4,5,1,22,23,6,30,5,2,0.005,0.2,10001,9495,0.9494050594940506,18,8,0.4710206643659422
10,6,30,5,4,5,1,22,23,6,30,5,3,0.005,0.1666666666666666,10001,9607,0.9606039396060394,18,8,0.5259256060841779
10,6,30,5,4,5,1,7,3,6,30,0,0,0.005,0.1666666666666666,10001,9723,0.9722027797220278,18,8,0.5198211569244415
10,6,30,5,4,5,1,7,3,6,30,0,1,0.005,0.2,10001,9651,0.965003499650035,18,8,0.4657688397065078
10,6,30,5,4,5,1,7,3,6,30,0,5,0.005,0.2,10001,9576,0.9575042495750424,18,8,0.5092927132947989
10,6,30,5,4,5,1,7,3,6,30,1,0,0.005,0.1666666666666666,10001,9686,0.9685031496850316,20,8,0.5195817964658447
10,6,30,5,4,5,1,7,3,6,30,1,1,0.005,0.2,10001,9591,0.959004099590041,18,8,0.46549510687106466
10,6,30,5,4,5,1,7,3,6,30,1,5,0.005,0.2,10001,9579,0.9578042195780422,18,8,0.4988545214559237
10,6,30,5,4,5,2,12,23,6,30,4,2,0.005,0.1666666666666666,10001,9645,0.9644035596440356,18,8,0.520587206328743
10,6,30,5,4,5,2,12,23,6,30,5,2,0.005,0.1666666666666666,10001,9619,0.9618038196180382,18,8,0.523143912404459
10,6,30,5,4,5,2,23,12,6,30,4,3,0.005,0.1666666666666666,10001,9576,0.9575042495750424,20,8,0.520587206328743
10,6,30,5,4,5,2,23,12,6,30,5,3,0.005,0.1666666666666666,10001,9639,0.9638036196380362,18,8,0.523143912404459
10,6,30,5,4,5,4,11,19,6,30,2,0,0.005,0.1666666666666666,10001,9705,0.9704029597040296,18,8,0.519821156924442
10,6,30,5,4,5,4,11,19,6,30,2,1,0.005,0.2,10001,9609,0.9608039196080392,18,8,0.46576883970650795
10,6,30,5,4,5,4,11,19,6,30,3,0,0.005,0.1666666666666666,10001,9725,0.9724027597240276,20,8,0.519581796465845
10,6,30,5,4,5,4,11,19,6,30,3,1,0.005,0.2,10001,9624,0.9623037696230377,20,8,0.4654951068710647
10,6,30,5,4,5,4,11,19,6,30,3,5,0.005,0.2,10001,9619,0.9618038196180382,18,8,0.4988545214559235
10,6,30,5,4,5,5,12,8,6,30,0,0,0.005,0.1666666666666666,10001,9693,0.9692030796920308,18,8,0.5195817964658446
10,6,30,5,4,5,5,12,8,6,30,0,1,0.005,0.2,10001,9617,0.9616038396160383,20,8,0.46549510687106455
10,6,30,5,4,5,5,12,8,6,30,0,5,0.005,0.2,10001,9615,0.9614038596140386,20,8,0.4988545214559234
10,6,30,5,4,5,5,12,8,6,30,1,0,0.005,0.1666666666666666,10001,9685,0.9684031596840316,18,8,0.5198211569244413
10,6,30,5,4,5,5,12,8,6,30,1,1,0.005,0.2,10001,9598,0.9597040295970404,18,8,0.46576883970650773
10,6,30,5,4,5,5,12,8,6,30,1,5,0.005,0.2,10001,9594,0.9593040695930408,18,8,0.5092927132947985
10,6,30,5,5,0,0,4,1,6,30,2,4,0.005,0.2,10001,9497,0.9496050394960504,16,8,0.4536011302900179
10,6,30,5,5,0,0,4,1,6,30,2,5,0.005,0.1666666666666666,10001,9599,0.9598040195980402,16,8,0.5102488622562736
10,6,30,5,5,0,0,4,1,6,30,3,4,0.005,0.2,10001,9478,0.9477052294770524,16,8,0.4575084219433965
10,6,30,5,5,0,0,4,1,6,30,3,5,0.005,0.1666666666666666,10001,9592,0.9591040895910408,16,8,0.5142877894295331
10,6,30,5,5,0,0,4,3,6,30,0,3,0.005,0.1666666666666666,10001,9608,0.9607039296070392,16,8,0.5142877894295345
10,6,30,5,5,0,0,4,3,6,30,1,2,0.005,0.2,10001,9489,0.9488051194880512,16,8,0.4536011302900189
10,6,30,5,5,0,0,4,3,6,30,1,3,0.005,0.1666666666666666,10001,9615,0.9614038596140386,16,8,0.5102488622562745
10,6,30,5,5,0,0,8,17,6,30,0,5,0.005,0.1666666666666666,10001,9612,0.9611038896110388,16,8,0.5142877894295345
10,6,30,5,5,0,0,8,17,6,30,1,5,0.005,0.1666666666666666,10001,9594,0.9593040695930408,16,8,0.5102488622562746
10,6,30,5,5,0,1,13,22,6,30,3,0,0.005,0.2,10001,9493,0.9492050794920508,18,8,0.45636350611255067
10,6,30,5,5,0,2,28,9,6,30,0,2,0.005,0.2,10001,9582,0.958104189581042,18,8,0.46576883970650773
10,6,30,5,5,0,2,28,9,6,30,0,3,0.005,0.1666666666666666,10001,9705,0.9704029597040296,18,8,0.5198211569244414
10,6,30,5,5,0,2,28,9,6,30,0,4,0.005,0.2,10001,9589,0.9588041195880412,18,8,0.5092927132947986
10,6,30,5,5,0,2,28,9,6,30,1,2,0.005,0.2,10001,9590,0.958904109589041,18,8,0.4654951068710646
10,6,30,5,5,0,2,28,9,6,30,1,3,0.005,0.1666666666666666,10001,9681,0.968003199680032,20,8,0.5195817964658446
10,6,30,5,5,0,2,28,9,6,30,1,4,0.005,0.2,10001,9603,0.9602039796020398,20,8,0.49885452145592346
10,6,30,5,5,0,4,18,27,6,30,0,4,0.005,0.2,10001,9508,0.9507049295070492,16,8,0.4747712070949726
10,6,30,5,5,0,4,18,27,6,30,0,5,0.005,0.1666666666666666,10001,9598,0.9597040295970404,16,8,0.531676637556459
10,6,30,5,5,0,4,18,27,6,30,1,4,0.005,0.2,10001,9514,0.9513048695130488,16,8,0.4742030344689317
10,6,30,5,5,0,4,18,27,6,30,1,5,0.005,0.1666666666666666,10001,9596,0.9595040495950404,16,8,0.5310886843100918
10,6,30,5,5,0,5,6,11,6,30,4,0,0.005,0.2,10001,9579,0.9578042195780422,10,8,0.4690067580502781
10,6,30,5,5,0,5,6,11,6,30,4,1,0.005,0.1666666666666666,10001,9651,0.965003499650035,10,8,0.5234267764194387
10,6,30,5,5,0,5,6,11,6,30,4,4,0.005,0.2,10001,9616,0.9615038496150384,10,8,0.4801880454315843
10,6,30,5,5,0,5,6,11,6,30,4,5,0.005,0.1666666666666666,10001,9636,0.9635036496350364,10,8,0.5345078075167901
10,6,30,5,5,0,5,6,11,6,30,5,0,0.005,0.2,10001,9612,0.9611038896110388,10,8,0.4801880454315842
10,6,30,5,5,0,5,6,11,6,30,5,1,0.005,0.1666666666666666,10001,9674,0.9673032696730328,10,8,0.5345078075167901
10,6,30,5,5,0,5,6,11,6,30,5,4,0.005,0.2,10001,9626,0.9625037496250376,10,8,0.46900675805027814
10,6,30,5,5,0,5,6,11,6,30,5,5,0.005,0.1666666666666666,10001,9644,0.9643035696430357,10,8,0.5234267764194387
10,6,30,5,5,4,2,3,7,6,30,0,1,0.005,0.2,10001,9568,0.9567043295670432,18,8,0.5092927132947987
10,6,30,5,5,4,2,3,7,6,30,0,4,0.005,0.1666666666666666,10001,9706,0.9705029497050296,20,8,0.5198211569244414
10,6,30,5,5,4,2,3,7,6,30,0,5,0.005,0.2,10001,9604,0.9603039696030397,18,8,0.4657688397065077
10,6,30,5,5,4,2,3,7,6,30,1,1,0.005,0.2,10001,9606,0.9605039496050396,18,8,0.4988545214559237
10,6,30,5,5,4,2,3,7,6,30,1,4,0.005,0.1666666666666666,10001,9699,0.9698030196980302,20,8,0.5195817964658446
10,6,30,5,5,4,2,3,7,6,30,1,5,0.005,0.2,10001,9600,0.95990400959904,18,8,0.46549510687106466
10,6,30,6,2,1,0,29,4,30,6,4,3,0.005,0.2,10001,9527,0.9526047395260474,12,8,0.5096740310196173
10,6,30,6,2,1,0,29,4,30,6,5,3,0.005,0.2333333333333333,10001,9444,0.9443055694430555,12,8,0.4585685422411209
10,6,30,6,2,1,0,29,4,6,30,2,0,0.005,0.2,10001,9516,0.9515048495150484,12,8,0.5096740310196168
10,6,30,6,4,5,0,29,28,6,30,2,2,0.005,0.2,10001,9603,0.9602039796020398,14,8,0.5116635612157222
10,6,30,6,4,5,0,29,28,6,30,2,3,0.005,0.2333333333333333,10001,9572,0.9571042895710428,14,8,0.4641986614341014
10,6,30,6,4,5,0,29,28,6,30,3,2,0.005,0.2,10001,9625,0.9624037596240376,14,8,0.5132918431907086
10,6,30,6,4,5,0,29,28,6,30,3,3,0.005,0.2333333333333333,10001,9558,0.9557044295570444,14,8,0.4657917149041828
10,6,30,7,0,1,1,7,12,30,6,4,2,0.005,0.2,10001,9404,0.9403059694030595,10,8,0.4939389251536842
10,6,30,7,0,1,1,7,12,30,6,4,3,0.005,0.2,10001,9403,0.9402059794020596,10,8,0.4862838701077822
10,6,30,7,0,1,1,7,12,6,30,2,1,0.005,0.2,10001,9434,0.9433056694330568,10,8,0.4924194128580008
10,6,30,7,0,1,1,7,12,6,30,3,0,0.005,0.2,10001,9427,0.9426057394260574,10,8,0.49393892515368437
10,6,30,7,3,4,3,14,25,30,6,4,4,0.005,0.2,10001,9515,0.9514048595140486,24,8,0.4819509150645394
10,6,30,7,3,4,3,14,25,30,6,4,5,0.005,0.2,10001,9506,0.9505049495050496,24,8,0.48546009166963205
10,6,30,7,4,3,5,12,5,6,30,2,2,0.005,0.2,10001,9651,0.965003499650035,18,8,0.530606500561325
10,6,30,7,4,3,5,12,5,6,30,3,2,0.005,0.2,10001,9661,0.966003399660034,18,8,0.5309558786412141
10,6,30,9,1,2,0,13,17,6,30,2,1,0.005,0.1333333333333333,10001,9699,0.9698030196980302,12,8,0.5467545669744192
10,6,30,9,1,2,0,13,17,6,30,2,4,0.005,0.1,10001,9769,0.9768023197680232,12,8,0.5812773948885629
10,6,30,9,1,2,0,13,17,6,30,2,5,0.005,0.1333333333333333,10001,9696,0.9695030496950304,12,8,0.5016022900611334
10,6,30,9,1,2,0,13,17,6,30,3,0,0.005,0.1666666666666666,10001,9414,0.9413058694130588,12,8,0.48012928511179026
10,6,30,9,1,2,0,13,17,6,30,3,1,0.005,0.1333333333333333,10001,9697,0.9696030396960305,12,8,0.5440919730908232
10,6,30,9,1,2,0,13,17,6,30,3,4,0.005,0.1,10001,9772,0.9771022897710228,12,8,0.5802248404212441
10,6,30,9,1,2,0,13,17,6,30,3,5,0.005,0.1333333333333333,10001,9702,0.97010298970103,12,8,0.5005973453059416
10,6,30,9,1,2,0,2,7,6,30,2,4,0.005,0.1666666666666666,10001,9628,0.9627037296270372,22,8,0.4927316279556053
10,6,30,9,1,2,0,2,7,6,30,2,5,0.005,0.1666666666666666,10001,9600,0.95990400959904,20,8,0.4944867386085186
10,6,30,9,1,2,0,2,7,6,30,3,4,0.005,0.1666666666666666,10001,9590,0.958904109589041,20,8,0.4930803135734347
10,6,30,9,1,2,0,2,7,6,30,3,5,0.005,0.1666666666666666,10001,9604,0.9603039696030397,22,8,0.4948282657348157
10,6,30,9,1,2,3,26,13,6,30,2,2,0.005,0.1333333333333333,10001,9671,0.967003299670033,12,12,0.5528850417969887
10,6,30,9,1,2,3,26,13,6,30,2,4,0.005,0.1333333333333333,10001,9652,0.9651034896510348,12,12,0.5193172262592414
10,6,30,9,1,2,3,26,13,6,30,2,5,0.005,0.1,10001,9775,0.9774022597740226,12,12,0.5983388736689148
10,6,30,9,1,2,3,26,13,6,30,3,2,0.005,0.1333333333333333,10001,9660,0.965903409659034,12,12,0.5632355666526742
10,6,30,9,1,2,3,26,13,6,30,3,4,0.005,0.1333333333333333,10001,9684,0.9683031696830317,12,12,0.5128235489277847
10,6,30,9,1,2,3,26,13,6,30,3,5,0.005,0.1,10001,9790,0.9789021097890211,12,12,0.5920009793961528
10,6,30,9,1,2,3,7,2,6,30,2,0,0.005,0.1666666666666666,10001,9568,0.9567043295670432,20,12,0.5108737010583891
10,6,30,9,1,2,3,7,2,6,30,2,1,0.005,0.1666666666666666,10001,9585,0.9584041595840416,20,12,0.5127122292644738
10,6,30,9,1,2,3,7,2,6,30,3,0,0.005,0.1666666666666666,10001,9585,0.9584041595840416,20,12,0.5107509996534644
10,6,30,9,1,2,3,7,2,6,30,3,1,0.005,0.1666666666666666,10001,9644,0.9643035696430357,20,12,0.5124141893092747
10,6,30,9,1,2,5,18,7,6,30,2,4,0.005,0.2333333333333333,10001,9526,0.9525047495250476,24,8,0.4748551040599325
10,6,30,9,1,2,5,18,7,6,30,3,5,0.005,0.2333333333333333,10001,9493,0.9492050794920508,22,8,0.46944640257333925
10,6,30,9,1,2,5,24,5,30,6,4,4,0.005,0.1666666666666666,10001,9667,0.9666033396660334,18,8,0.5260163514849553
10,6,30,9,1,2,5,24,5,30,6,4,5,0.005,0.1666666666666666,10001,9702,0.97010298970103,18,8,0.5219167884323733
10,6,30,9,1,2,5,24,5,30,6,5,4,0.005,0.1666666666666666,10001,9629,0.9628037196280372,18,8,0.520497818396589
10,6,30,9,1,2,5,24,5,30,6,5,5,0.005,0.1666666666666666,10001,9652,0.9651034896510348,18,8,0.5161816472770457
10,6,30,9,2,1,1,15,20,30,6,4,2,0.005,0.1666666666666666,10001,9593,0.9592040795920408,20,8,0.5368445553502245
10,6,30,9,2,1,1,15,20,30,6,4,3,0.005,0.1666666666666666,10001,9586,0.9585041495850416,20,8,0.5337563354206298
10,6,30,9,2,1,5,23,18,6,30,2,1,0.005,0.2,10001,9569,0.9568043195680432,24,8,0.48203222446529115
10,6,30,9,2,1,5,23,18,6,30,3,0,0.005,0.2,10001,9553,0.9552044795520448,24,8,0.48546009166963233
10,6,30,9,2,1,5,23,18,6,30,3,1,0.005,0.2,10001,9548,0.9547045295470452,26,8,0.48560605324087136
10,6,30,9,4,5,0,4,5,30,6,4,4,0.005,0.2,10001,9483,0.9482051794820516,12,8,0.5106521894310339
10,6,30,9,4,5,0,4,5,30,6,4,5,0.005,0.2,10001,9511,0.951004899510049,12,8,0.5117565164045234
10,6,30,9,5,4,3,28,5,6,30,2,2,0.005,0.1666666666666666,10001,9581,0.958004199580042,20,12,0.5107509996534645
10,6,30,9,5,4,3,28,5,6,30,2,3,0.005,0.1666666666666666,10001,9583,0.9582041795820418,20,12,0.5124141893092748
10,6,30,9,5,4,3,28,5,6,30,3,2,0.005,0.1666666666666666,10001,9562,0.956104389561044,20,12,0.5108737010583894
10,6,30,9,5,4,3,28,5,6,30,3,3,0.005,0.1666666666666666,10001,9572,0.9571042895710428,20,12,0.5127122292644739
10,6,30,9,5,4,5,10,15,30,6,0,2,0.005,0.1666666666666666,10001,9563,0.9562043795620438,18,8,0.5337563354206297
10,6,30,9,5,4,5,10,15,30,6,1,2,0.005,0.2,10001,9490,0.948905109489051,18,8,0.47373947921006154
